id,mdp,sel,empreinte_sha256
1,9bb4b429cd0e,019cf88029dbf754,36771eafe4d8dfd1c593edd108bdb755c9153816c919a266e5165854d173a3b1
2,bfd6508e90a0,70f03c27c2ae7f7c,af7fb8ac198ce4d3f95a728f75d8be2c7762f7c58d73bc875c801eaaef8d8d16
3,b31396a79a44,0c4edc8281e5078a,fe7c211efc51306ba315acae9d23115d825f065e665c2f3e9c6ee540f64f775e
4,af38e7d12b04,bf2acd0c4e479e18,aad539dacc312baee49b78d5a2101b0aca55dfd04f616b5426ea4aa0c0fa478c
5,f7b6680eccd0,4e87ce46c2a2e5e0,7b6d34b322684013f2967072dcf0b8effc01cd872d816ad36d439beadffe37e4
6,5c9f680f6c6e,d574b9f0c754249b,e87fd8f220749967432c1c510fc434ea53c2a3a60c4f1e6dd31cfa41697eb34d
7,547bf1619e10,8be96c63cd4ef574,82d601ae16c8381a4e33bc6314ea8a875cf48128c2905a390d14e1e781ec5557
8,58138eedc748,f5de87299132ad08,e2f1c1bc6a3f70d0e62fd7aeb929a50509dc1d334f6d5c9921a3c98617223b8d
9,b7a857ebef40,5ad5d4189c222cef,4e436487e878b2fec0958e2ec61c27f5146b758cf222b118dc92f9ba65aa4dcb
10,d87bd256e0aa,162129191edf41aa,7e6cbd90bd31a14cce44b034cb7a8c690078c1dec11f1d778be17379215c7e59
11,0089d8ee9046,67000f3442b0fe51,5c2f375fe0a701073f715b893e3023a55bd66fbb568865c4d1b56186a5f3f180
12,a5caa0549507,c4be3a23e0f2525c,1338b00c24224177ba131d457dc725578bb1643ca1f84d4f0ca2b7c8d22584dc
13,c4d0bb0abeea,3c2b617b9f80e242,57e66c6dc3a7a848dc2cc1bb3b4022e2414ed33e85ab51eaa0a677ad357d08f2
14,20d2133a60d7,33ba4bcb3795929a,8c4c70fbc80714142e45d7cac23bb3805987db607f869d69b3c661c08b746883
15,75e763d348ea,2724c85e74cd32e6,716ba49ab7123bec488484a1a354b99f01931bc225275ffbc92bb1a36ad0ed51
16,27fb93910eba,83464eed91dcddad,bf87ac9fc6caef50a9f1cfcc1ea40d197f329261651bb197da8cfb84f3e15d40
17,dd7dcd4cc7d9,44733811f0f04c61,04c1d9373de1ece5ff759348c7c1f7dbea74c9034aef4ca2af98d89fa0967616
18,06ad4ec8a13a,bb3b4bb9a15dc158,2e17f8493ae86ada9b4ab451a41b5b8ea8c1743b42ed354a04d8b29f22f6aa41
19,5128fc802221,28841448a3f76c93,b925bcdfcc8f85d1b72833d1b7611042387feaf0e24944b838695de7c5bc9b7e
20,7131c4640272,bc362ece9ddaaca6,a4c321377b39749773989a5542f9b2a8171446f5594847ac82e99cf963855561
21,b59323886d3b,44341204a9e22058,13845404f5f740acdf7fe94b1c8bdf2e6f76a4cb3b435298d3017acf700a5007
22,0f780c728424,dab892669146a78b,64fdc68952cba493eec3e644141e9fe8785ff37101298e96745823f92d6be0bf
23,efb8d6b75e84,83f4fdd6836c7c12,48c41fa171043e1b6520557c2e1e46b224322c2985ef9cd68037788063804aa0
24,072ff89b2753,d4b02dbfcda43615,e6e0813feab1d7bf2d63b062072f8a3e35f190731c3785859d81cace39f55b93
25,2892c4421dbe,55334902080cba07,f40db26dc951e81ee7b807736958f9791333d4b62c62d9b701880439d8681fc2
26,faa2edf08f3d,1754733a0ad71f71,acb302945674eb2af284939fd81ba45f862337a4d7b41f9a51b2c308b354fc98
27,068a05486079,c8dd4e9f8f7557f9,c8437d5dccf7032cdd82cc1fa335dac67a401340a7839f4bb95ed48c949382d9
28,730b99c17a92,7a66ca742ea9dc46,6390b1592ecc6145ce260dc37d569aee23be9f9837eae54ef6646fd896c946f3
29,94387a688241,ef440910e3ee6873,13bb67fdd022ab7c13eb22e53d49a5ae37312430b99ee3e11656bebad8a80f52
30,548a235eeecf,b41402921a2b0b9c,7a7ecf20eafe520ba714724c049bd7f0999de73fd81513d1959896622e728d33
31,d11e0433afc1,7bfe85190669c0dc,f3ddbf61f3579a78fabed0fdd5a33c30b4d1dc7bc324b50f2ac8a4a12e80abb4
32,c9ecbb82c45c,d84e74e3abfa039c,b89d4ab1e3f559b27cfbb9f20cf10e7b130f326889510ef68df9e28db19cc0e3
33,27bb8e7a0433,a5fd71e033e4c4cb,3ec2f19863b00b1d00ca55dd516ba26524c557f5a0b55d07ce3913f8fe8e823d
34,969388367600,5a4af732ef747b87,d3f37cd7f103b3144e33d2fd9327f3d1ab82e638bed3deb466c6b742951b671c
35,1f46bd068230,12b0de58cb6275e8,3046420c8d47f1172514464d40e3aed603854a4410798ea0b9a8ab2d56dceb8a
36,a7eaf14036a5,a47e6c09da01f35a,d048465b9bd1d355cf1f1aab37ed9863dc10dbcb41607b98c0250c2b75d0227d
37,aaf3bb7a964d,56489b17cb4fc7f6,08bc8c7dfc0259c8f7dec1fd294e11cdf002495b1dba8aca9508ee9adac5bf1b
38,404f2422d089,532b51d716e94824,df19e483f59c3afe1eed694108f3dd804e428c2cdd68d1c61f43190c73b46077
39,0c759fc02c81,4391215255fe7176,1a31665823ce9f4f09356d65960e8333558e0422e6fd403ee2b9e4c9d01adb55
40,21d2673dca3f,821ae5c26f8670f2,99cb8092add34d981e2ca40ff38211c56857fac62bcb9b63cacdb502542953be
41,f5ddcad7e0dd,f76e8e43f74d0e17,83a350185fbcd74298be30411713715033aaa15211b195d42577af7618f01d45
42,8fc915151e4b,c0639ed6135d552a,2297d14c8af43a8bb4cfdf47c8b16c7c8895a47a396f96c3f4c4ad564b18ff0a
43,0982c3c59aaf,cdebcd94914efa56,23951bfc65b387da968bfc0bda38517a1d5a4937c1f533c33fa848c203e3541b
44,dec5694342e2,57898b75e85400b5,ec584cfc155a70d08cdfb8727dd33cc99d2f284499e2ddc191e28bc2faa23fdf
45,1c5eefcf29e1,d62afae40524d50c,98e56115e28004b2b2e6517c7c17495c930c0f03bcab8b1a2950dec51b8e2f24
46,3f9e643e278b,fd22918ecf329b15,aa997cda199b340a41113014db1f5c4e8b45dbf0ab0c66c3204fcb5cbdc6845f
47,3d399e13a054,10e57695890cae8a,47dfc9a55b1d874fb8412f4fe824ebbdbcd9c36fd287404f43f0e308bcbd8d1b
48,b8e2c5f26180,3b2fe0eeb02aa0bc,3b288d15b3e343bba40fc55b8c4aad3f1cae6d15e5068da692495d1931ee2e41
49,c8c872a39a8b,3a9033dfca6de2d6,86bf7786853650a5f08449e480847795ddfbb2f828975f756ab25dc65e05573d
50,480f255cac0b,b2350c9a70648b30,e9599aba63a3cb09226d4dbad8bc0820de5a8e67b33654647bf8591f9ecacf99
51,2bb1f888f259,e5735180c9dc5afc,cb53d8773e9e39eb00f0a25018411b9d3da531a289dd20b2255298906f2ec461
52,c4bd0ca3f2be,98f14830d4a200d9,f509a7e2e22c322cfbd8adff59a3f7fea3c111988d7a3e4a5bbeb36e91500ae8
53,574d4d373195,bfec9c8c5512e424,04a99e707854714022b86d795e507594650bb16c2822b51c29382502a3ec7398
54,9cd8fa3a2343,305c29ed3c09d954,3c67084b6fb4ffb5782c0a4adaa2076dd044af5a3ee6428d8c128990077b1f55
55,a13b0aeafafe,4728dabd3b266459,eabf783fc31f57161f48d5c0b44fb53af684e144b4308886b16908bd3a2f33a4
56,cb03baa42f61,a48c6fb20b2a656e,64ccad8ad9944ee1056a3935cf6b9fee5e2673bbe2df0283792dd39b5110b727
57,5344667fdd1e,4dc8a9dcf10d57bf,78cc1819393eafc12bc48162b7da6ece316db96b57bfe2e06718c06203032f06
58,2a2da4b2d343,45709d346a3903da,837d231fa60ef8700a188423350fe18d0286efcade2615b47315136f1d9c2f9e
59,91e7137818a9,65c09579da410f78,4dc85d8333b29d0f93fafaea8b36112187e90b0df03e64b68d32efbb1a9c39cc
60,fa8aeb892855,a80593fa2bf3dc61,b1c000c1baf830b08c9a13af731c067a12c8628579acf186bdc8d8bcb72c5581
61,b7dad93000c9,b9f922798fff8aca,34e62aa8c979da348a31a5d802901bc4e34aecf67a91600255b00c2382a4c27f
62,2f4955995522,6dece1531b3e1065,8e9e048bc09d112d408e48ee90518f5d9c7af38b0412e2e5ecf3c3671b2b318c
63,1c9f886d6c26,90d9f3c9ddea9cb7,0ad761d585d47abaeb0ec959963c38d251b9416f07d0d19b176d7a162f117da5
64,0447dc11e2a3,7fff6a65f6734079,8f701233315ea5169e72cae4e37d42cf6f023f94046c02d63fce7f2151e5143a
65,5e545640cd8d,7ed7d0f78e499123,86012f5ddecaec0749dd0c5974c0dd47cc032d7ff409be3f616ecf577a90e3ea
66,b824860d12e4,9a46c5c160fcd836,5f79268311afb23e8f3e2ad24b1e32e683e84485083e548f7e5fbe4667da32a5
67,491eeb040e13,67178c8ddffe8706,6c088efa7fc89545483f33b041072b3f157d62714d0201358983d7cf2d07bd7d
68,e740b45bc0a8,b7c193a37c26ba6c,5470bd56bf8bc7c9aa581dba56bebec23bdc1502a3fd26c5a69f8e8896cf986b
69,835d943c931f,0d13d6182efd2ecf,96acc129e2822d82f31ea8c0747474b9dd287560d3200b1920651ca81145030b
70,41c61aad6e08,4883d6684c06ae42,adeedcf262ed7de64f24ce3da00f20ffa0fc2f34976e400d42478f7a9870c08f
71,5a88a4680544,90b4246c7cebf4d8,345fde1c0fad237f74fb726787205f409f45b36a74c702dbaa92f8835091cdbb
72,3be8566d09d9,ae59625edca8a7ff,df699af0735571a916aa97bc6d24511df51c718e13f7e19235513ec0578cae10
73,2b9da9f2d417,1e4591027014a3cf,8c92f68b15f6fefae1323e31204286124bea90e30e1d17dd994b8400befbc8a5
74,b4f01ec8c421,ab6ab1484cc41c55,aa696d01ca859404017eac61878134cd8de8d573b97412b6d7812dd9ecc9b7af
75,983d0e196bd5,0e8107ce79033cf7,d2fffa9df8cefb75a0cddd76916b9e887ffb08236b650baef743c2d531a80ca7
76,d7dd05debb54,4a5dc77bd8617df9,99c50b6a8bc95a0061aa90a8a78a34ba0dd278b03696fd7a68b4975190e12cb6
77,c9ba32e03583,ec6c0d21731f37b8,56f4cd3171cf958e578c9c524e416268a8ea8026dda5d08c3d66f41ae84e3dab
78,e52698efe252,e50cdb3b4b492cc3,39c5ad25ad1259fbc2052990ee6578ca3987536a339a87b9e3516887ed2d301e
79,8f8fba227c38,24d72bd20b5932f2,7f8dbf26d8653717ef7f8b36e0d7e360b5634e5431d066e4fc6ffd39958abbef
80,210fedab34cb,dad51375a207eea0,253bc8311a96a8b15edf9b2f42437040852aea7629c0dab38c8232f8ee1f669e
81,e6f3151fb9d9,54ef640824e93a5c,a227ebfb3fd2d0b53a5bc5a0273e48ab1d1942e804157596f7418f75f3b6aee2
82,3c34a2ac9ef7,a4f4e90c89c2dfc9,4e505e4ead862b6cd44e5c9fda51e0b00bd6e990b59d2d9d6e89587a3a2477b9
83,2f1e722581ec,2101824591eabfe8,a02f6305a13dbb9ecce8293daf7f2da30f9ec7a85833cded92916199b23b35bf
84,7844f2c8d30c,084962bb53886d7d,d205a6ed8ce3eec47d28add2e08aa7f7518079e32b0a545045a466bdc501c7ef
85,9639a6f0469c,08ae6c1fa9a08312,1078a286ee9999b1c6f93bc13d95f7750ea1067dab847a8d088c34dbddbbaebc
86,7832c7a78f88,a2e0ac48648d1da2,3807508fb01e0bbe72a285a46ab3648f05d55ed0bb8a1df991eff863abda6bf0
87,5f0389f9f341,581f0799446747c0,405deb53ee24757c3eb5fc33fdbad0aeec4052c6ec3ade43a6a9c04924d1bd7a
88,ea25456a0a8c,ca4e231c4eefcb64,36a929e57c4cbe02ed4eb440ae2c14d1a19f044d2c84ac57c5320011f32a79ed
89,4cc1767ddda5,77dc2eb83936a8eb,e7e3580e1388d9000d8573b2fb2fa74bb110a7be32131662593ca4748e920d7a
90,b7a622513165,eebe01d3be26a315,a2971faeb7b68208282222f5248faab4c82593170f862120bbe9fd146d3afa3e
91,58523c080cca,305d49bafcd8e4ef,66a304158ed6675e322861cd95dd925c7956299c355cac12f3166cc1679095f3
92,1e5fffda4600,c518bb7091fbc966,c924167eb9c353007d5510947f17d61f768ea30015ca95b40aaf519d797eef07
93,9e29a27931ed,0c545aee90311e6a,f00d7608a7714e2573c852d9642eeaf6e4416c45cda2cea6c799a6635bef62ff
94,6d0d6bcf1242,68afdc27217071bc,0a62162839e96dcd191aea82f5ebae2710c6e72dd84f124dfa1f5449820dcd5a
95,af56598bb800,79840ab2b5befb09,f87efcfc1f44268e54ca72b97cb5e4453cbef8036e80f6eba3a65bc5b961506c
96,92def5cce562,27bdf3d3d523141a,27fed7acd5b3391bf51163364ffdf1c58078cd43f59fb14367ee90764f8ec45a
97,c4806dad0678,f1a57a91507ef77e,332c1a975fd3e94b90e2f1a17ecb33f9c2e18515f0648386888e8ec6064edd97
98,33fa17c0908e,6309280948cecf11,041ab2523c5598cbf8fcc2bbd78d408d1145a5d3e9603b0f2f72abe3ce9072a2
99,fc77cabf178f,5e7bcd272e2e10a6,b1492994f6d147047cbff2ada16594f72c50de0ad09259614ef753b82d8e1732
100,3adbdefa15f8,3397a235d06b285d,7193c648e4292b7e5be73e0443973537e19939e6171f138bc65d1ab2a825ab86
101,ef62984740dd,cac3f356736eff32,09112df0a990a030ccb5c5c5372b497b8f3da47d121b8f224a3762afa8043f23
102,90bd2ef0cac3,bd48cd316bba9355,9c2916b34ef6302b1c7071a82e33384b4cac5ed767b0a191fabc91851f60e2e2
103,15227a57328d,72849cf7795d9d7d,7bc9303e42f64559c6b49975127094aaf5d87759797b922ce01235512f69474d
104,e0c3bc56e5d3,56c447f4b1590d67,388b462cc45106676623aaa421af173ab21daa57aea9d3cf0579dab356ca528c
105,24cfad2c4055,59895e34d66bd33d,26a8018e6974717202f0bef1f162eb2eada5dfb93b1f9cd82c4982f0a84f1ac0
106,44910c90262b,ea9c65ad65fe20fa,43f266ab42f3bf03db63feae233af7f93116479ecf8ea11edf47e9d53a611e8b
107,a74f137eeac6,4d00aec076ef0348,e5e5307643ed4656b62ad42c5057264705d71206e9bc98c287ffd23e6e3ee86b
108,3a5856b15940,e55daac7bde4e0a2,1b5c29fb624c9bdeb79a9299673ece6c84822965d51a0424fa530847ebafe905
109,a0a806cbac2b,0a4225997825d716,53348b61bacd88a289a4b8ab5ae45583ad8f8d2803a232e9c999f4ff07f38332
110,09230826ea3f,e1360993c716065e,06283773812204c77918f14e4071578b6d964c78c24be44b35bcbd4d85527700
111,c1c47645aed7,d7a918b2ec1178bd,9d3d71cc0001f10ed04da6ae51a3180f4a9d4e8a47b41d88668718ea956dea2a
112,affe909869db,745e5a005f47e7d7,a79b0ada3b4a99cff5969d4b1104ca3199527896d46d9c930e4b717ac1a73b14
113,295101914a0c,ba018add3bb92968,c20e5a31ec7aa24052fc542213a6ff519d984199a621dd557012f18d67ff5185
114,43a3cd69cb89,6ce921251b945877,940ccd7530bb6f0e1a9e6f5eb545d1298100ce72a0dc5968070e43cc02378c15
115,04bed67ec4d9,0bfe4e4da9967892,3757fc3454791d0b6ef826664a4435559c0c56d4db0096b619d9d65961eddf9c
116,388472d64200,4973474b4d825e33,bbf21593e29b6d29d588ddca31b52d788e22a0d103b1026c07d8084a8eaf75e9
117,7dd30a5fbb18,b0ca86877d161c0c,3ed3c2f3149b225ab34a1cbc97244492535b4faf40e6db58bb5f7ab484e14b4a
118,30265d5ca6e4,907c7782eb498379,bf7122e069980669c624251f968c508c636c879d56679ee727798b83c72ab17c
119,1c227433397b,e05aeb870538422c,832e4e250fb5454279031ac80b773f699f38e05d1bbf05d294053c8b3f0989c2
120,3486d87c2ef5,cdf36d77443598bd,9833b87b55985452f567de87529adaa038c2692a1820d0125add3bace69f57c1
121,1273dc2cf797,eb37edc777f83796,9d65fd3c6c7874d533e4711edbf52bbd5f6fa24f88a415b5bfdc2f240e955469
122,528767321511,fdfb995f567eb155,9d144d4c0e050027b287c04736c2af1525f3fb9ed34c0b39def14a9576094a83
123,8d557b86db6b,36b1cbe083449fc4,707cbfd7d8633f049bf3e384d245a2eeae6f9dc122d06a5fef27ceac45e3946a
124,41ff86322848,aa284b1104fceed1,75c0e1c230323a5ec4557bf0d32804911f867c8460cc6b21326db6d03bfa9548
125,901473e19281,f0186efe91c3b6f6,6817ca9f0fd7c6eb6ec207f41ac08e4d0e106d8c7a3d6d3a0fe1250e32ba3209
126,f3f849db90e0,a0544386a7180c67,38094467a97570fd240cb12586c4e03797511597e9c851e494a8bd1d8e723488
127,e654fa32fd75,978b28de56bf813a,da99d87f8dcdc8c5b4aabcb255d50756ce0f9aebc0077b8d101d2c43c6d7bea2
128,d8afbd76ab9e,03ca37e07cc86dc9,eff5d4b4e073d92ce288169e6014a5b557ce219d672780b7a507da628d144274
129,1bb416a349c4,523436d7d7f9dfbb,ddb13924f66e91cf0612ba21079910e54cbe9e942e436b1fb6b0f166ed05e117
130,a56381a435a3,4abbc7da96aecd94,522310eb5dd7e039239c7651ac23342db35e80d762c61f6376df1c5375ce058f
131,37166f7fa61d,6d34c2781cc90c6e,55a44d5d271c5f964307e2beee0e9c26a6a0a5e5db889ba96fa7d598957ea033
132,f743ad3371db,f3d53d3c47b27fef,517df4ae4f5c796bc5cfd49ee117624d9db5b5cd7320f55b0b5ad5d20cca0dbb
133,5d5e4a6de8d1,0e3c801a79060a6e,b60605f718a854108b68fe5973b877a2a6d9095a4957dc63d714fc289fb8f1d1
134,9a8b40cb8c2e,309fae46c59ecf7d,980519a12d5f5a94e8c8ef7022dd1f9112a47240d364893b00999c8354365c08
135,91de57a621ed,34f4bfa143ee7928,0b43fb8442125fdb48edaa16a8486c762b0bac2d707f68a7d542d3f3c6b26a90
136,33f725a5b43a,fad9b888c62b3451,4868d0e4179e29238299d089a1db8fd86d9e01bc03d40362617b00d7fd84850a
137,9e44a5ff9193,f63146fdcc309a4c,d4045b754ef275ad253fcfdb2f31c4544b77349f28575d909e0615e868c94fc9
138,284962be0d26,c6d6818a923bacf9,f18f55d4a2c7270b1ebc6218d0b4f69ae63a8a62c4d27f3fba7bc1dc534d3c0f
139,9d9091f5a375,2ad866df2e69e62c,76e1128d4083c1cef39c2d0806c156bb5186a6011b5807ef32021493655d4104
140,4568bb5a2161,dcd93b257e3ede34,2ee46a5949d7139e1cef5a231c126ec2f4fd24dc529ce566ea21175a252b3bbe
141,9c65b64a3c68,8702a84b36a57d1a,f6bc6d3388aaea2dccfea037161206c07dab57b3bc026dfcdfd16bc6ceffb384
142,2bd77905a2bc,26d3f6ba3d800020,13ba503678c1793863105b85f72d7a18e4938bc13fc6e2102e41b8bcfd8b7fec
143,c1005eb0e040,daeefb4e6efcb83c,da5ec42b3fef4f87a9eb5666fa5f006e22394ac2532b1d5603a60ac4782cf174
144,62052cdb9c30,9da8252733f75df8,650c3d6a9c3766e023d5dda90c1be329c138627b8c9b39e8a02b137362869293
145,5ebe0fc331a7,99a4ef123a52a3d5,62f62694c461c7277b8d59c7902d75a24d2db73866f4803f105d4d7545329b44
146,8efc76e71063,b05dc864973b457b,0f5c6aae8c7f405663593c19c5ab8c3d2a7c709ef07bd879ba3a6627b95a6f33
147,5be8db4ba77a,227e1ab458c1b5b2,ab9e86c5df9de2d8e6a0d84c5a6ddd0db9900763f5f62bff2c85733e6a34a4f8
148,14b27d102d6c,e9dd1194c82f9b43,b6c2d63eb0da6478ddf7c723cae47c89c0fe83f3b306620c53f96594e7c8a0e3
149,17631421347f,51667c877c8ef123,638daf671666806f5a61db2f634881102b2c00d32fa773eb434232ac6ff0f1f8
150,22de131ebabb,bbe04ac58e1fe44a,7b41d73a220f6c3818588ae2e4900133a3f535caf36da8807bc2b75f33cbdba1
151,f73a7d2416ef,9c1e1995079f046d,d443bb99fa5efd25d56a4d07970d5d7e4028d2887a19e524bba0bf76f1aaf69d
152,280cf5d31304,dfd8871d6f8e211d,cc2edf5178bf1ee7e5e33c04566a4270f1f70908d97b67d7a7deebd5d2f6d40a
153,55b7e7269e94,397e50df45e6094a,96e61d1b6e09b6d70e8d7d49204c6e77a242b0daa0d004e7e3bba32eed27c85e
154,2e7c2204bd8c,b24a50762f93cfe1,896048c33314a3fc6885bf0017d24249c5a3adab02267821afbac3f7c254a003
155,2a8accf4ce4d,dbb35bd26fccb9e9,c6d5f9ba0c6dc00603be2e09e93d176ab4e91f88930a9d2b0b872025ecb0b7c6
156,8d1e23086ff8,d8cf685659c0fe0b,3219c6ba5e7b74a3b9b1fb312392affb616e35b6e4db876aa415017fa33d61e0
157,bb19dac12ac3,7dbebc29c206d15c,0f1f8a51b8f09d6dfd93af3b077a0422f6d3a2a7ec8a449d8564ee76c35877ab
158,dae2c816bb0c,b46b685985c377e6,df034fae442070d81467687814f5edc58552680cdb635895095b1a208a0cad06
159,9864ff9f4d69,7177afb1bf51560f,450b96c3a9b44b6f2a12e442248c234623fcc2a3f18d1e6176fff7b9a9aaf7f9
160,06da6128a56c,50abdedd31639d3c,c3fa45ef66abf8818e6bdc2426ef232e64dd344a38553cd29c4dc7d2791ccdc4
161,38cac082327a,52a09d8a3e520829,10ef60b53c1f72b89becc31a53659b6e64f3cd6e1e444384b9a7bf7304686839
162,37e5035e174c,1756e95278c998b9,ef3f8affbb18115e5e839dfc78b51983e536c2e20bb40d95b545f94f0da7752e
163,eb23629f5491,86e2dda578e0deab,7ea9c027b4412f5683a32ca1a3c8eb05472a9aebb4628920e25dd6a2edd721bd
164,9e281dd7ad65,1439f93b09c91665,18aafcd7b5a0394fb0c416f4b98ab4816dd4d46c1841eaa614a414b6135f301c
165,bfde1b0b68b1,ed126abd12b70bb3,94d588a88eceb342ffdfacdc63050e51e9b7a37e3ef66251c076bf6c608578fd
166,0aeb81b082f0,c3a55ca39bbf51e7,2a1e3dcdbbb9474312caae46f0c274e396e753d828183042463b1677611d317c
167,8a3147f49185,98907db1ff77e8d0,204c0bf38be46878a99a7c58a61d501679a48291deeec58a3100211b1b2f4e85
168,456c059b8d01,ba1f03d6347f6a32,4265f47176860cd4aa68c205f16c593843034899a2637e800a06b6ca833b451e
169,0fbb50b7a3a2,69484578e6528c77,6cd21435cf9cda5f4fc6c3daa663adc49762bce4a2ba7825c7464d978675eb10
170,fd2ac359187e,092902b1ef8deff6,033c03cedb5a63eda9ec18e6bc4aa51c9ee01e73fe91af08c5f5e37d82349b0a
171,61ee78530b7a,96edcd1e0dde0129,938bfcab68d7350e542a7a15a433dafd796d61f93640bc1873d1f374f4029ad6
172,dc4db33e5bda,bdc214ce8389d0b6,a8702992b0c9278b529f97b80a96d902287636873493269c2eac8b73495375de
173,437340979890,57e8d287ad0ac8f3,a164f646c79eb9b44253c781c447a00dd225caab467a0cc3b2c1f6111b81beb6
174,2fddef043b9f,545511a45da988ea,8fc092f4360fb7eac1c139ec0a6d82cfb52ab46d9caccd8d65acb22631a8579b
175,e8b866f69774,ce3e6445048e03ab,f5db840a8ea31ab8f4757dba46e93f7d1bc7107313b7fe6e57fec4c095d608d6
176,2cf6cceb0f7e,4f874688e1605f34,3922389bb2794619618defbb2d1f00fad4eafa7254379c93c11dab1869a77046
177,2f0f1dd0b9b4,eec757f1780589d9,f37333efbef6fe2b5d73a7c99daabf9d69ba3c0b32aaa116720d69ba2d8455bc
178,b58c004e0d67,a1bcc46679667b32,ca336bca76ebe6f1b179d5efc1cf1f9ef780b9a17fc742b4e093a7c28f401302
179,700e905e91f6,0bfca717705b6cfc,deb122e108bd6062c6bb9ea5f1469fb4248fd384ea939fcd6fd6e4cef9e57cde
180,86e090acb9aa,fc434d937dd2f240,caf15dc779e15a94b1e169166aa0b9891a7d27ec4a57e825731ca7ccb6a2dbc7
181,f22c817feacc,3ca73961cdc3fd55,551e7110580f3ed03c19d30df1822e2f415f02423bd076335554de1be761a573
182,bb2b8b88dd09,95b1fbb22e484de1,676f5116d68b532db74b6ba79e1952fbc0f0b02f9f742d60636a515407dd3c3c
183,079a2a44c44f,102d45cbf7d40d55,71d2928e22ccbbafb932e8f1587848cce4325615fb1e8a515ef12a2997fa8143
184,fd1c869b42d6,8a84925bdec6ecb2,e168dc0e6dac77700ace26bc62e075b14178d0a4f89cec7fff2b2109e7ef9046
185,1357a3e69b32,77cd3b6b2e69b41e,9e560acac57376784c64a1a7ad2015be03059406023f17e7b6fe8ef61d9c5160
186,b34a4e555bec,5c5f5a43adfe2e8b,5d8f53d6718eb85a00c965865f0851d97b8a40742c51b0ec05a9fa8648e39d38
187,ab57d957ff65,3fbdd65ce1f058cc,63860267ad8ed62c8547f86792415fb7e30f664646de7ed6ce9bdb41d238b26c
188,918bb1e878b3,7e1ec520ab0afa66,b4f85cc0ea95edfc1606f7081b1bbb48c105e0de45b11ee76838f81b98fa2d58
189,1fabb9a88797,791e80fe3ac7ad23,08dc61d495519185d78b8ffde84bf6e8d3e6f871973d78b886801b4033d4db28
190,4ee9ebb33e25,a3d74f73cd3d7f9c,a4637f6fbec6b7b6b58cf5c1cc73d99f7f9a4f9878ec5f56a48b5173f4952ea8
191,55e06ae170db,c4dc7309d010e9b0,9fd807ac80d33c76c45b7bd832fb279c61eb49744dfc5fd8182cf64105113f48
192,a01fe37a66ea,e5ce8be6beba86a8,49136228240561658da5a977e1691aeadbed9c84c1d2797a8106613e91d4692f
193,25e143562db4,935fc39d211a1bf3,b4238989e5a45d0c0517eb23ae86eb1bce4df14ab0149930b2723784ed26599e
194,8dbe23d5fa8d,6338f7e8ac831b92,7e5c7d207c62e4c4a5dd1fd1fe7935a54ac773a4be51c6fd47641de4f41edc5b
195,c534720f4e97,e85571aa44320c6d,c61ac18d663bbcb161e3fde1783ce6412fc383d2056687728091c1d7f97b8079
196,776587f44a5c,a7341a4288525ef5,79c57433bc4b1deef75d3f70af8b0d09777dcf567705c4413b381d20a22f1be9
197,2697bec0fa3a,11d40b981cc07c54,873bd0794e3c5162caf2642f3bc621f20467792147ac975d5d9c96bebf8b4a56
198,bd0bb6ac64ec,58c4349814e0714e,37e4bb6a5b60d1c90aabe21d97aa5250d4d7aa48f3d8060adbee5c20d1732f66
199,bb120cf6039f,9fee29b9529938d9,f1ea216c45fb1999f36d1d47962cfafacabf64f67d99fdec681ee7e423eb4234
200,904a72ddafdd,c09a622c212f3c78,bc16a4526ba188e86937b89763c4f79411146eea950aa8587956f24a341fcae2
201,d754fb5a6dc8,a2dba6160d9866a5,bbd9c526b8479eac160b2f72ef0af79dc6a538d95b5954cabf11f3adfa4e9348
202,85e9462b1560,2be069dc587538fa,7679c62b08c104e9a3451f775455c2b4c845243d94502f684f55579c58c665dc
203,d0ad2611814c,af47978c1f4c92c9,b114f63bce79867fc7ab05475fc6adf0f4f8408e63c065f61bbc3d53d2ce6426
204,0fbc12613ea7,5c17f7fc9f399fd7,602ea0f74f6aeb3c8dab108f2e56ac2f1aacd0f5bdfe816c8f183c8a18b19ba2
205,32a36cc15659,60c81ff636724a2c,871fe745d6c808b3c3c50c6b92d0ed258e4993ec9ce2b02f477874ccd194ad92
206,9b1ac5bd1c4f,08de0c6a61a91d0d,3f6edfe162ba923cf112f6ed7e22717771f4432f9d9fa9dcb3b8f334d3bb2ba5
207,9bdc06a1c601,ebd4fa4311fc352c,c191f1473ffb4f2eedddee4da92cf2946080c6311aa8a1d60e4855ad89e66cdb
208,642666f8928b,8bb14077f35fff05,923aba117c52bc7670ad6dea59dc5aeb804bb69fff49fbe9894ff0d41087e970
209,c034a4b69a13,08bc29e896923ce4,b26d92bccdb25f4526af36758e90f120c262d4dea764dc7a2950b1e6ae6f84f9
210,1a90abbdc808,97960daef009f1bc,104bb9152cc6497b48efd43ef2c54f3107e00cfa93d7d8a691c4c580c88ff9ee
211,daa0ae3eb4ef,74ffdf54b27e3af9,ef69b57bfa40b15ce8a4419b1f9a04dca16c9a02fc063311dcb221c35837c337
212,1e55c47ed2ec,13b3a8310c84ed09,d46aa670da059ce0c3423f591e0c2a75935de356668ca03abae3b440a747b312
213,ede06b2f6476,ddb1f94744e907ef,218a171d33757a7703715809969f8f7765ee07b8c2afba8472d57a382f6722e7
214,9adb0df049a4,66205fcab62202de,3c2dcf2abd4fd903feb8a7b5eedcc1c1f373f5c32aab74761b029ceb4c0b5d63
215,a5d0dd2b4edd,970b3e950ec227ca,09b373e9bac654bc6242c13e8706e6be723428620f2b56a314625300d68512c8
216,c0582d0a1be7,d2c87ac5721ec7b3,8ae9acfe9aa9ecd21d784ca7e5e76d2afb4b365447dd8674d8a26b4ce1c272e8
217,af1c19a43fa2,fa0eef61ebd4d83a,84f65a924943587ccac58c2c1aa018b86a3cc3e7463c56d9d3f1333d7bd49c1b
218,0f667b3b3119,246445f0c3a6f9f3,678c0cd77167cbd70d9073cef0de78e0f1f888c2c8b83594d824f04945897aaf
219,3d60d12bc6a8,cf08b6c655db4982,506b45e6b87074397e905d7ebecacc74bd45521edb78038dc10899d40f20184d
220,47d033e54791,596c9d3de44a264e,d968187ef938306e41a84c27541d6833666ceec3277b5ed10c92b013add48ac7
221,0c58c28f087c,aabdff94a408275f,229c492c786c0931185fb88f7719459d3a2f899e8cf5a51d951746e336b05d08
222,cdcbcaa3f1e3,37f9be3a821d70a9,3807d5420f50f8a7811841b3547ed8c50b1431244c4dd0883aa68740b8ad133f
223,ccb7d2adb7d9,6d216ed8d2b881da,8a6b318f23e8a7bc391d4afcc05b89a25bf3f98a63ca1517d95c5e9df313472f
224,b060063c7070,675feda1c0a9523a,e19fbe1378cc486f19c2ee8e82d69460ef6d170eb103586b5a1e7f037c3481de
225,2dc35aa3583f,55cecd7d1fde11cc,5c6c6bd51df3cc21e8eabb582da142b5c6c304750b05a870b73a0782754c97fb
226,4e5039ba8d67,25f8e8b99f8e8abf,97b4a0a06e0171c41a117680bd07ea00a6f6b9ac6e328a6aa2c3fcd0a90379b2
227,764025396433,c15109195a2a261f,a6d13ff1795ef7d183b578592f129e4895d5f548e4284e7061a17d3eab1a741f
228,ce3b1b6b98ac,9db33ef7ce139f56,4f57495dc2cd44283d1f7f12bddd6ef4fd24228db0948d71475e6dac88574b16
229,a9fcbbe3a363,36598644970c97a0,a744075e0bafdd1b8f922beb8d6bcf5a80254b7f7f8f21ecccfd57ec348fac7d
230,171dbb4f8d2a,9a83febe2c3e642e,4c059b89e320c920f838ef828c940de40eb13e81100a974b2861e35e6c2498c5
231,c4a8bcbd0931,54dc17867a29b99d,4169f8cb787a71c3d3c90b0f0b5403402cd1736d320e4e8c5b42e26e6d672f54
232,1aa1703bb7e1,48e5bcd4c5b32b0e,6aa87fccf254d427fcc25cbf6305d25c29b9cc2e7cc7b3c51670ab3a5194f2dd
233,ff6e02a83d21,556b5c7de326baef,680dc64c8455daf47740d3b0efb33a7e66e1ff6569c16a02d50acea5733ff10c
234,89c60808961f,0b9e27115c4b864d,cb1e70e48bc5717c488fd8ed23bfd83671b5c693c7c82af9f363a35ecc04cec2
235,0925ab0aac1c,ec3bfc74e9bdd792,3b93ab4a7a465f5a23da54a43ece2f21370bb9afb64be45ab19c43bfc90c0707
236,8f1b064dda13,e3507ad290dcf12b,24dbd4e528c15fb282f588dc1fc01712fc6353d6457e6a3e9eccea2a97860e18
237,4ed888419bf7,2cb1d1287100d26d,1e03c08d8d2b8dfe305816d34a6005a5558de294bbdef1d9b119c26313f690d5
238,4622f1add0ee,fd93997556a70eb3,ff2999e03a91e00ebf17f83f4602218b6f4f6c967092df3033397f6f14105830
239,dbc5d3199f9e,efc179caf444cd74,dcf30cc93d7526973ac838c4d45221c42cd1cdb47ae63a57114d14d1bc0775ae
240,d0cd53fc9039,4347ee1511031c63,ccd9e4d1ea3dee89e1aea5fba5f7d2d2ca49eceaae938afa0332e3f7e0585f7d
241,694b41ae41fb,11519f7feb475c12,9cf8fe63aeede07b19df994453c18d79f0237c0961ef1a64aa94b8ab17565703
242,3c077c2ff286,ca13870bdda21b35,00f0f03dce13178ecaae98a09193ddb3c1cf9ef514849f752c695245a1810af0
243,eb53e27b3303,2a3c785ba6409275,99a5e2179100d2c66c9d2ed7b2319e7169f589bf86f6406df8417a65bf1bf2b3
244,1e451dbfcec5,10ff18a7119affd1,932d857f53278baba8cd24dde5312f1beb0f24c290e8a8796628e0b075a0d141
245,493c07acfebb,0baa1982c6e10287,9e85336f37f3c7e40417ce061850dd45515e042a2b538ce98cfd200485ae2e7a
246,376db2ab8bbe,9675b9a81260d718,285d4cf29ca7c32f9f4e0acaa61ef500ba824d8780c547fdd3a934640e4494d1
247,a39db17e8992,cf368151afab38a4,d6d650bd13f1e300e032a9131ff8cc65f6f5098bcf85c34244b151f3e68a1911
248,138363828118,d0da627633679670,e206855d1fd6a6899bae67404f094349ee90a14a575d37b283c1838ae5765361
249,28f75a1d304e,147c2ef04f30e49e,17e422d1523c75d50947e220af9431044727202fb0f2cdcd365e2a6b9f48e1fe
250,042a43efefac,8ab6fb5fb58aa7ea,40bc75e6c98751e1cb392f1315e307f2527994fe6ed7b22d989c586af92afade
251,8a52f622036d,4c352b3b1da711a6,65f774add2c00f8d9d8e0816628ffd2987b291d0ddeca74e000f73174d5b4b0a
252,0fad3e025aa3,591fc0c3b7bab770,82a5f37f2910be8a70b96af57683c491d2d4523cd6d11cb574349fc749ac03b6
253,416f08293b20,0efb2beec2199903,62a45436186733ce1ac8df62ef58de5ffd85326af14d749191f7127447f38456
254,fb6bbcdfeab6,68a82af2c0914045,6b31cae4ed199afacb5ce7b7eee4d0e0357223118fdd0ed9d109fa2ce38f4beb
255,b58be1b796e4,20c007ad21a23534,cc463df9c147e75bc506bb3010822d326d6c2e549e86bdca25c5dcc4fef80afe
256,a8f8684a2d5c,d0728dd5b188b5cb,bb8ac73c66d26942d56a8163797f6303375e3c900843fb09a152fe02d592cd45
257,6b23f337e4bd,5e9a916f1df190ed,6575e4236e5d9aa2a7a4563f64d186faa55fed737f55744c140f6d5c1ba25fb2
258,4eb713b24c06,ad36460a34b50c42,a3b5fbc1114fb112dead4693eb0eec419b0edf0262c7bdeae868fcb5e742ec0b
259,c550f8c149cd,7d336961fba22937,e230b54721f255d7ddbb8bc949e1fa1c1f52394618467a6c4153b78f569d8d4e
260,473d87b6a4fd,3579dcab60ee3267,bd1ce31a81837c302e178cf52e2bde1e786dc6308111b9b900c634f35579c87b
261,4e7ab5500d67,76750542b4b403e5,cec80fdf0e78a85932c374a7c05e13492cb61e0b3a6421a7455cb76a35a45dfe
262,0d9a3d85284b,46af95dd2e4b729f,29a3f6c265c713c836cfb262274a9f9701a3848ab1f4f2b307281c34d0149b61
263,5e466b4bd7b3,c8b14b1b9c22a196,a47e232e800a57f4612e92cbabeb7fffc2daa59fae9f4d77c44c9d53c1fcfc76
264,710d8fd8d641,90fd4b38d8dd0c47,2a15ecd30ca86437b2f87e92d96c319a31fc4728eb446cdd30695b8b0a291ec4
265,5542bc459642,add3062091cc88a4,99d2607ac28216db57b70be3cd536a0e85d5a8d5291d099f614a09159a1ef618
266,64cbf8fddd90,bde6d53823db48b8,ae212b1406af2cc19ccafe0e09ef27b7daf852803752c1a0b54b3f9383674075
267,b7b4a5adf379,2a06dc3a3f5b3b52,1d36abac528812462fda8f3ed11cbec15f70e8fd70d466f7b7a2e118b4f08833
268,665393f971c6,d249ff3dcb460d66,1659ff6e27f5f11b7e6a72cdab94f4c805297a585a697d12193fb61c36be71cd
269,95e7530b5fbf,49534a9ad308b11e,eabf3bdf9725e4fa71da197b5ecce7d5e96a4886462c8806371bec0cccbfc0d8
270,91300f24f57d,4a08d3c115130c93,71f36f63698ac8b7bc302e4d18dcb1fd92be279d11b2c36f8c1fce5630fb0c7d
271,205cecc8f35a,6392e224a03ac059,8bb3ae54be7983eabe67d87c1236eacaaf4f1e4a91d389894a7baa16a411b1a2
272,453456c81898,f2ab8315fb020be7,95f74374e123c6d9e3e7541ca21748720f740ed19567835623a2b28239d908c0
273,6484ac8c8223,6c0df12aa13631c5,63dd558001ffca3ec962d19b1d3eb2f111402d42a1156d96df8d5b6a7c5706d8
274,3a5a65fc44a9,84fd91467c1e266f,e82d2924e85b34b46289faa0640e2ba1ad47db4ae31ade5d53c83d343c0a8583
275,14b844a7f3e9,b75509ff2712a591,1e7390c0a746e4b85ce116f9cad8d97d44c4b0c02ff87646106acfa5fb20b479
276,a06509315348,d140af99d2e7a9d8,f97b28e660b645621162dd19ddd5907ef254d781322ea904079a298449de43ac
277,66bdf9d741fc,841dd3a0dacc4fdc,e5a318f025ab3687bdc85cf260e710ca8efd35a8db11435f1bc41d1137873b58
278,e455b1915d4f,f0535f16421a3aa7,44c0e728c9627d06d8cc8feeea05fff2aea4e647d6327cdedc82fd14ce98868d
279,21dc478c1d22,5f1d99b2e8e7052d,5e691a89c0063e63c262bfb5cc6f4598f5743364f78c7d96ad7fe3d49a544e2b
280,603420988da6,7f1110184f81d5c7,60ca1775244645f8629f2de8bbc2d38da539a05b1369377a5e67a6480f83474b
281,dead903dfce0,11e5c18b0ff60332,c14a3f6859c4a826dcebd3dffb7e4cf898dc964fa599a75618670eb76b708700
282,5e63b39fa146,852b7281061f2ffc,cf8e1476100386adaa9792837cb9d5b086cbb3a99ed873805172ea0732ddf3d6
283,9cf1d794a5e2,0d6fd77d9d2b9219,fda9d3f61355c7ed36ca16f9f14e7a0bd8a6640fddabb86f87e23ae8344d490a
284,c9ca9a67f87e,ced57625c71e82fa,215bd0ce6632230081cb6b59ae0552acc7abba139be5f71cabb47ba8c70b5a46
285,dd4011e766a6,f28c3c51b0b4bbc4,189276821cd2cd834191fb37db94e99be66137af69388e63cd43ee983afd8a90
286,b424a52f7463,77f8a62d5e924069,af6cf8fcf09de5a7e9c198a5796381ce151797c27a6a4f20a294706ff1cd68a8
287,cc758ea21b0e,d91f7bbd29f57324,640e3a589148145d3a45c930360642aae87f19e0e2b5fa64e6c77acdb49c152d
288,b4659ad33984,03b7b775c46ad3ea,a5cdc6145c63251331b2ae4ae0222bbdf1b627f2bb77238e66876f007c8a1dea
289,ebc5ffc8f1c6,5c96acdafac2dd23,a2a33f6bdab76a0dd86c43055777d236ef23da249e322a8f5ac48efdb8228b17
290,69657817caf3,8c478dc16571dafb,3c793a885b950c1a9d44864604216f2939522574ab7b573f006611ea7d8fc011
291,f84d578c2779,1ccbc3b5ae57b9e0,b66f78ab74e6ce3c11a905df40c6de5fa8a69ab49cdc3d06b0aded4589d66851
292,0dde14f54f17,fedbcdba42952f06,71caf5e21384fd960262d3953b88afade4055e7e287a1dea5bfed61bfc12b2a4
293,f2d44dd32666,c71f2e75f651deef,a301913ef2d3b36c55f8b23ad01a55d6a02128d664db994af1c75ba983925040
294,617bbf92aacf,410e8d0f91233023,f85080f4cbbc2c5e10189d7cd58c44f8a6d5d6bdcb49711c28c15f8dae751fc0
295,566704227a03,964fa5ab94eb153d,6668be33d26977d56b00d838e48487f5fd79deb8ddae32564eac955d13219deb
296,8e7403609034,ebfb8a2d670ed658,147cf070bf872b06e703d884b2c5e2876b817a75c0b05e4063e0194f15371a81
297,9e284eacac2d,27e5028440fc0486,706321a7175118e1aae7af1182c4aefcffd7b6b842a9582636da7fb111d2dadd
298,af0b40c0ddf8,465e3d1f4395b948,5149a418a8e96b613be9e4f98fd04dce898a3e4d0bb30c3ba814470c40dd0e08
299,d65346eed92f,eb976ed517355a24,51d51717039dc2775b36c4ddc5fd6390d93e89e50b2583cc82c861286d5aabe0
300,ba311ee88f52,81a2b66023f9dc3a,5b3d6843b81f005db6cc61e0911595a419db234e7d72d4e7830ca648c532e2b5
301,d54ca9f820ce,aad491c7b664c376,11b31b416e8f81d936754e3ca61fb3ed8b4d5c0047158ce3468452fd4bd2e1f8
302,0492a074a9cc,5f3476decf36848c,1c60754f48179d65a2d2f109143c60fac2c2e48a46a4c8f704a9ccfa0bf1dc4f
303,322e416b8c4b,f6b1664e8254de5a,641d1e84b038f4355087e8ae223eb4ed8758b94d43b600f15b96da942fe0ce54
304,af05369cff3d,4e61fd3ef1f7c019,f983b9c2684978cd4edbbb656b37a33d17fe6090efcc5a088470d22dcb646933
305,e85aeb722bc5,c179f06242dfca7c,55fca6f82f0fa8a5a7c21fa38a20d5ca0a9b642eeb98a7917054f561160c784f
306,35f70d43bb74,c3c195ee1f0daeac,c3f91c2db4e0517ca93ad0add0790399a1084b22425e8152c6b8e801c00d6eb5
307,516e5b6342d2,d6fe5b13602e6cc3,403ac95d0b952b04b20a28da5bbde58334837a7386a8c94a24786c7f8c83ad88
308,04ed51da7152,c873dc33515e75ec,f32adbf7aea822a297b7351bba85a285a49d93a7dcb47ab245acb4b51e3895aa
309,840ed371d944,df8513e540cb06be,76c0f18285552dae8a50976e73ed7d8814782ab904b48a8193683769a04ec1b9
310,aad4c68c837b,a972792782e0a451,c11d3a297da2fd6b27304bc2813badc1b3eec9d544585c7a85db393a42fd82b4
311,a255cb7322e5,219740112c87760f,86620f995a35fb3273f4efcced255d3a56ea91f7cd2b9c4055e8ada415186028
312,d93a410ed57f,e81fd5655b7c4995,9c6fae503326ea5eb9e2d73a6c13e27e3efdd1613a6d5019d9b009c9723daf0f
313,1eda37116b51,c4a7fe12a42db0cb,e72e828667d5565e9f823632ff3a285d274a896b38e9030c1c440edfbf0ac8de
314,ed0dc4623483,4aeb58d06bbb29fb,f408a9b558f2d05042d58e16413359c2a97e327b2c8b5ae6ac14d9ee4855dee4
315,c22a8518602a,2c56213e429c2426,01a34ade3a8a0f4a404e197f76a68c5a83d9391a8f867f8b40d8d005af0e43b8
316,b4c20ffe3afc,ac5be51db70d2de7,10c1db6f329a683f40c682a1ee25ab8be239b5a2cf169a63904048789983d686
317,c2e5c20c3b81,a1e0f3f003b2d3d4,8e9a7865e604d0c5c2f231546e22bf52ae2edb85e27809fce8760388d654232d
318,764538049a9c,b87166b56891ed1c,a60ea3f47277528a3fe4a8fe2573d2f2a8c389d18816a1898de2d55d8a296753
319,fd29141480d2,43fee289eb51d230,eecdcbb1706764e60ca7def40b2f921f629efbc92db06e905063f82362d54c94
320,f62473f29fea,bbe8ccb6f19f1ab2,a68162ac2efe6d35b2b75d06503a1f47cc52f4b2aa6ae3becbe7641198db51ab
321,feb4be3ea147,f850021ffc3362a4,53e2b26728c1ed20cd4e3f5b03300ad29b849f4efe3e4b7b712d51c6c8cfb704
322,cb7785859e33,de7072edb8fa9cd7,337ad42b09eb5e5b6324c53bee232a6dda4e1682efbe409ae8d83f1d1842e5af
323,f22074948391,728ca166280dbb47,3846bc80a903d372cabcdae91355cb8987e37aa299cbdb39f21d4f7a8969b3cf
324,1cac9c510015,e88a9648e9ddb22e,4b7b7c74a66f27f44601420a06f8910c1b4ea8fafa0658c1382caf6dad34bae9
325,27f555e96f09,4c137d1916a2f1cb,6c1649712e1d86772f7b6260f09172bda57334a8f58205fffb5f582510675465
326,d2c663f35af7,b14f1967454d07e3,a22b2243f07110741d778bb6619138338a4d833ea9b31d06c6e67881b1893950
327,56fb78203682,e99a8c9df326dd77,34daedf4cbbf61b2903d68d400d628c91c5158be2f3b83d530f4612c674eebee
328,6d2bc06c8443,2f71a9112f079bdc,649fac9bb9730bc0d32a9350a65471d4eb918a429f5146c6f302ad8d32015c6c
329,0b9787087d10,ea87c880c3b23a75,1db806c61c77e38c0e202b161c3748e13c31537f73421a2c96a2035e90651d90
330,03c86d7c44e0,4f6eaea7ab8d2a1b,fe45c5944856c58a5217647954cc4cb7b7f7b0eee959bb7ffeb912d95414fafa
331,cf174579bbd5,890be5f5624035ba,230286418e656b2599c77c1ceff52be453f1f2689ad1a109b09a75a5563e703f
332,2b0dc8eaae71,48d9d78567794a25,dbc3ab7e7c9dd05090818eafe96803f9896876fb5ac1c0190c29a1d6ac6d2604
333,3f7fcbb8426d,5aa645d352844536,6e1b2ea096be8c6baad5d97429f9b50cebc08517f11218fb53479e04828f19d4
334,ae9391b5399a,c84a624c57413834,05da260e0a118052ae0196730e2e7d295cb33d3d4e540f0e1a7a0af71d20bcb0
335,29420645df8c,c47e0cffe66c55db,7ff5d9549f3224ed8c67dd80ece6b92fd408351611b746cc4cb44b82bbadeb11
336,a5ea05ca7818,db72b6c83d2d4440,4a8b9cc8f6b6d80dea95dd9a15ef768f9eff51a2748d4fb6c356bd81c3ec4ec2
337,3e259bc1a5d3,1be2d8a4a05ff6d3,8b9a96c40dc272c0c4c535c5ce79e22d303dd953a43f90c7bd3bfdeaf079273d
338,d96321b649a5,ea715829e70b2197,ff8baacc974529d3555fd7fbfe9a666aca124918dda0c2d704a1327e35acf258
339,f54659b97f21,a0b919f7dd5943a5,b557eb340f1ad53bdb2d37a6a897745f466702189498eb52bed1b6bf154eaeda
340,c810581ddb05,3daf1537e25c64fd,2b22f194eb92a050bd4f841403591e7b8fb56be312695b3529070f9381444824
341,aa145654417a,de5e0bcf94dd0e1b,d8501b1167a02aa531cef5f9a2a1af1dc06eb0aec3fa7a538bb4c20a229ea26e
342,d9b2fc1e0b8c,ff6106b2d468095a,ee6586bb122201b037f14d36e6f8e092fded3925c2e7c234cdad58ae500b5b90
343,31c279e355a1,56af7ed269c10294,53e3ba1edb64c70fb1372fe05135409e1b5339e96fa58b5adb10e30d5c2b347d
344,2bb5b2017028,dfa8e37357ebc2a2,bd4152c9098a7ed77848c99ba7b95904c0886945293adb63d3cdab4e81a71ee4
345,68e40747c82e,29e9ab174a63616a,62988b6ce7fa6d46a3bcd40376b507f33db014bf7ca0c03983cc700c1fae18ec
346,ecc401ea0ad9,0252a17f7b7ef149,66647774200e993a3362a879163a15079b29c0894adb1ee6fc685c3c7222a55a
347,8fa5ab4dd19d,af8f78b72537c374,6ff2cbd94a209984a7c5c1c4dbafa3bb5e9d1d583f18e0833be9537fd8ee9d27
348,d08bad372d88,51f172de6b8d22f5,dcb77f872bd8359b13d46c54cbbaa3dcf7a8cf7c660c14b19ad34c50c295cbcf
349,8bcd396acaf1,e1fe2f6c9cc2e80c,43272ce26814f52a72519fbef471ed66686ab193f2860a5190fa6e771b5e5ac8
350,a172a403d08c,002555ab42e3af71,db474e9380ccef27296f8cbc31951522c5639d45b407214b6a3aa5aafa95c8a5
351,f482f52cc28a,13908c4a5c0e9cec,a61b39aad9a885361b83928572cb630c2cb2afc935e951e47b9c7049406c7310
352,b59ea1dec6e2,27bcb042e4f2c143,bfe8a73c68a08dc1cfe16871e7cd865995f70290da4712401cd87f96b8f5319b
353,e3625b4e2a34,680ded0c0efe5dbb,b58c91c0813e2a230931c6ef494cfabe2079546f5a0f879d1943ff0143377b34
354,eff67d92037e,2ee840b122811804,ec97e9c2decc5de0409178688935afe518e7292f8391e4c92b7974e23e3fef46
355,cb13038b4133,da056c3ce0e2e930,d2d36958b3812986a47f7a274ce62c6490f084506aac2f3864fe8cf56b430bf2
356,b32622b646f0,855888939727538e,7af33044c8a45af282fd95ecd029f963f1268a33dd7c19a8a2ac2164cef5cef1
357,77ef843fd535,43bf9c693cc977da,e229ff9dc3dad55ee8000e8df210347d8c7136c6c17d7e2471814618a00da06a
358,ec09b0beed10,ba08319c1941e429,ed0691553ca466b7de0c7a57322c372f59e33844ecfbe6ac0b55a97e7ebc13b1
359,ce42b39b4e6e,3b88c4e4562731d8,27276aa2ad73ed0d16f6e2898994b5499da7880ad2ea71a1c247e2b1ed46176e
360,911f5e7ecc16,97047ad21edbf7d6,b4bc8cd91276043ca2b369e11772ac31cf40f3efbf20f5c24e9ff8a62b9746d9
361,b891339e66df,84d134094b2dee7d,a17010715bd313186cd6e5f78c6d4fd17bd6dc59cacd9cadfa47321e3a51f29f
362,310225741d3c,b82719143f4ec287,e30c0eee88191b9f0687ebb4211c3fe6b2ecefbd25eaa2b3ce42c5a59a82d4c4
363,3f03a7fc7400,c83fbc17bdb3fd4c,99add9bc1584b16175097aba1ffa9477d7d6ee0a115f64d3e74521454607a388
364,3ab18c2af963,a9bd1336043acbd4,659beb821443b36855e44d58b976002c7599a05d983d2125f13bd80b8d877249
365,e33ce0669efa,b63af7d123254acf,d6af024eb5d21965de11b679db2b0d413309a6d460c8da0f6c77e80d40eda43f
366,0bc5e6942691,06b7ded8591aabe8,2847fb90dd029b31e0dbdd7fa8a1d807d7525b1c487b13dd20b6d055c6581e46
367,76e9a662ffec,b70f8e38cb4ad62c,54ec86cd887fda7377e44f7821995424c9b0e56bbc7915f4f0b99b1a559641c5
368,9a486381ef9d,79928c1345b4f4e0,630b3bb554d174cc70380411ad729435d29afb057ac90d021fb3f87fc0633f95
369,88fc917f60f4,78457641bf249c0a,baf3dee69aa964fbce4a8d42498cf72d1fe37d2e18072fd5a8b49a168ca4d167
370,be85f9de08fa,90112c0ea4af1274,1dd054d32e6cd4287985399dc6abf0436a0dabbfaf6bdf493e73641ce2cf6ee4
371,59567bce0e78,8c0c91c46b50f107,3773f9e0f9ac16615a127346b8ee84ff1196a086a31dff106f614ae918a980ad
372,279e8a286fcd,20c13c7a1cca3fe4,3f859f7d8883d7490e1b09e5d0241b2008a0b21d587683ec7df3abaca3ace28a
373,b8cd11360300,6342d5e8460dcc86,9c5a00c6c9c04fcdf75e1664508f558d78cec2edc1132344fc84bdc276457052
374,60d85a4601c9,9c6da7b52890226a,1021e2212b55b744b2bf278de8c41476c6b68d10a219d99b6dd4a7ef97a744b4
375,144a8e3a0aa0,f03d4dac036b2cf2,0e6acff904e9a816a96b7cc1694f59c916269213dc9c4755d92810032e0287e6
376,d82affaaf655,5a8e05231102854e,d05e9b50f874ff961001582dbaa028336db6b222a5c7c2accfc2b5f5b0ba0990
377,09be5b4ba71b,6ffb6c9b11bd8457,0429d6c131abf700ed1c00f77fc3a21f7435114fae474f3de0e9e0b454279cc4
378,f4457ddbdf02,4e2fc2847661073f,7939936bdd69f208a6e299d968559e71ef4a2fdf6c3df55ec9ba0a4dd8733dc7
379,10858d03863e,249395157e3b100c,26049a796ae94695bf6650c9c37345c8fe5cb8110626e08cb9457235affbc2f6
380,5ae7dddd9979,7438a43267860b9a,198f8982eb64910f533456f975f11e10bbc235436b4ff5051d328b9202537f1d
381,584548ee45f2,eaede648989cb966,9c11c88da1441faa2cf31e90e7afacca7eedd8dc16bf4ed9464f474012d5ea34
382,daf3eafb7f57,59b460c8971e15bd,89b1dddb3ea551c1105d2896b34779bee186e5ec991b1a7bf437e91ec2075b05
383,694af183dab5,a6856d56dc33a972,4301a96c1f2163141e0db3ac68633e7e7591cfc2f6550b77e1463426fc2d2872
384,91fae54cd562,b33121d909f8d30a,afc27b6f5cf4e74a557d78968f40c91717ac917c70ff0d2d10ab1ac4358fca8a
385,46943b698d10,e3bbb1c5583fd162,e2fbabbdc1940ac9a892ef7bd04d5f665c3c42e381c79e39d1327c06afe25650
386,1b83b408e352,a9f436aa50b02c4b,0df939446f24f4fcc9221c0a4becb73dba9bbaba5dc5e92216144d2b7c7c660b
387,1a4604ca4de5,3ada07a0224c757b,5808fb49e49a4dbcdcc743021c2f02bf1013f0014b81133322ca8d101ef18935
388,f968c3e28a0d,73d4b9ca8bf3c5bc,81492321740f35d283996ec1de7bb89c410a00b8903d8a7195f95f867a8c31e1
389,b56a36323f3f,ca0eda7b6f0f3783,591357b2becad674150bc482c2332964c142fa215e7dead8cb68f57ac4f887f6
390,d8a920e68553,b4e3c08210921c4f,133220690df6f2ca9a0b3cb7c8e8b00ed2d32289eeb9a8e3f84587156cdfed42
391,af03b1350347,0dc987eeb9ad4bf1,a928e8c088774f8f1d1077fd8ef45f8f83427ff1156cbcb7a842a665eb7f392a
392,114a616f72df,46e84d6fefd6d8dd,46f8d71dd964c0a0f47e363696ffd9ed626b88db09c7b708aa12bbcde9a267e0
393,6382aa64b70d,3eccacedca855671,5a6d2831bbdd0c9cb586f1b7e18845fd52915cef6f8589808e7b1d4a9c11c226
394,2cd942979a05,76bcd85089793f0f,68dbe09942e480e556ae5afed1546558dee361bfa86d4a04e28e52ca626f0511
395,bd2da320fd13,26f541497243f13b,e6fd752d5acf8608591cebb9a6f3a0569e7a21ca9c112a1ad765f44481f84755
396,a4d5bede1763,f0579a7931ac3350,955b7ab8ff9fbc19202b6b830b6818c1524fe2b3c361d3680ec6019acbb52d03
397,d64ef6c1944c,71925058a8022ae2,b7ec3eeda0e72914105cde4d4bf63b0535c6bb4b93b4f6a0efda9c9804bb3223
398,5cb3042858f1,ad71d62d6ebcbc52,f9cb580e84e0c5f5010be8d432333d46782a2c89b0539cd392a5263089dd0f69
399,ea81ab89466d,d451a0545c93c3ef,2234341b4ae538b4a6f2b8c3f50f61288eb0a8b22c57a229bda3ade6abc07377
400,1183f12e0c6e,5777ca370e37d10d,ba419627e61118b97244c97fdc363da891ae784b62ad9fb445ea10b1089b93fb
401,d8e4b3a79e99,d97a0ffffede4409,698b9b75dc4c512fe93d3f651900a79050c205cf8ccc43b248e0712f7ec4d499
402,c2d56caa62c6,3089cc9762f8ee16,8d713f5bcee35b2789c408eefa0e6fb315033a2e63d8d48b61ae64fec3e05aee
403,445b40577921,75fad50cebdce4f1,5c841e29002bc9d3a743c9d4bd84dee9e3300be54007df80a88e37b240021fad
404,e265ed590ce8,a2e8b106ddfba4df,268fe4c0aa154f4f92a630080f3cd1b90ec8ef5fac400a548d5c1e505895aced
405,9a1bd91a8d5b,15c671d7326e8ff4,aeac502393f7bb1c4eb13c25cb1e6dfcf9e81cbfeb80d9245af3a6a0815fa43c
406,dd341df2851d,cd0c353f69d20f66,5631a1441925f1353c997f7f005abec3bbbc7db01fe94b8f4e2526efc5f0dcbc
407,c37ccf21c2c3,5b294838574273be,2b0ee4c8bf89a7a1fcbd1e6abf82b43ad6e1fd1e662cd8bbd21585c133e38b3e
408,7498e6075a12,8c280d82f2af03b2,05e9dea9ea92e33c15b4e9ba55c81b6f37f6f295d180503c08cf4735d3b6c74f
409,3aebdcff6c23,f122f1e1f50b7656,190102eb1f88193fe99681cd3ee212cea70e81b96f7e5666fc178b288a5e8968
410,4ba64238e095,f755abc6f7aa9209,15c092e35bf70076c38a3a886bcf638380ba6fcf9c9a5966ac7b3f20bd0f1f2f
411,68aa0af4800d,133c65dc9f841765,e92105a8176e480eef79347fbcac6fde84b202a7850d20ed3ec240072309d126
412,dbf14fdcd48a,b7d22c210636381e,b6cd2283e0299b8788c7ae96e417389ce6bd527827984623bde6e3c803e369c7
413,f3b1ef941166,bb9d14a3689ee479,f277ea2d4c4a6991151aa13a9ed3d4168ebf038e3f05c2b435fc47bb19c1372e
414,c0c8e6795759,06b71d54e645f2b3,1baaf7eab2ad57e1bc14aa0eb640c4ec5409b8023e9dbe508620171b44eb33f1
415,00c6896eb249,8e071cf2665e031a,e0bbffceb46ea26046f2b1ec57748a76a54b1c6020bfad353d8c3f8b54a38441
416,09c751e022dc,a2edf2e45fed898e,61cb0a135d1cf129561d4bf02c6a0676f98ad3ac946646a758cdcac719536f7d
417,b23db8c188b3,699731e824f5f116,75122116d111aaac53cade79e02b11a34348b13c42f6fde1abd08ce400c5ecb7
418,263c8af5232e,6bbe2a67da48c1a5,48d43b0e95b3c43cc653e77d22fad4acc6fcbecb414d496af6706ec70bf4f1d7
419,59378f08cad6,7cbfe618278e4ebb,5925e1ed6da01bc727612da87d3c5403ab54287d02a750285c7a16d08f923552
420,97510af82382,326cd8b397343741,b094d77cd71136e0d60fd717de44d3fd64c76c4955fc28227b17429b0a381c2b
421,af88e1e61667,f75c0e15b917bc23,c7ac61662cc4c368ad37e2b778c55746c6abf982ae6b87208b8a93056e1f9139
422,38020ce0f90e,84369bb0d90a094f,3e249d13fe04157eee5989c9d3c4a4d372020dec9b9d4af3a2dca88a47806522
423,ac467e26c10e,9552fed47bb2ca46,2be3c4f851a63ebc7771178f2e72c7b488090d19e2505a6cd10317b173490002
424,a690691a9d58,bbb4f7b0059f32b2,09d7658e25e0239c451310280038c41b0d87b264654fb7bd7839cc238853ac54
425,232441e5d257,de94bb88b2cccb15,b8d187ffaf33079d31b810d691e6334fb9ed810a57a9d7d1b5bd1eb8c4906d32
426,0b87a9567206,4cb43cf179f789aa,4f1e8595331b330bd91fcef866baf20b45bae3e7eb07a60351ce340dc80fdf66
427,740c6942c3bc,aa44130d73d33790,b307c63c6741d1e96ebdd557b6da9dc91f99364198c1485c70156053b9270884
428,dce43a011abe,d7a285b940fa6599,d925f512258b66ab03fd129ee6d6febdffec62fc0adc3624f6062b3e7ecde147
429,66b3d6a9b12f,84fa6820587c3a3a,f9418f2d3970a8b59f151eab3194d33142a043a50fff2ea868c7905a71d5260d
430,be0091ffa4af,87150868642d124b,06f79c8f5a197d12020baa323a89d2a78a2643eec29f885b5ed6b60fea89f8ce
431,e4e970d9a4a7,e1ebc9d32402ce44,643388b6f156da0a7264eeb25d7532469ad2ef3e4b91e65c7767924432bb1e2d
432,98a70cbd7a0e,e8a553ed166f01d6,2930f9a583000a727fac0791ae37c0af992ecbb19c38e8a4585e08ce196090f9
433,4082e47219e8,a6bd2de4f82fbf68,11a680d800fc4f1f9d779da7b7d393f12865bc8b1a4ce985a3c27b07d0c08100
434,89e6289f360a,65b21f1af9b05590,1889e5ca02f4d7bc384ae20305074eb657a92b4cc35a33c90cd7a4a6eed340dd
435,d4758a933fd3,bf7760d8f6d8a641,5b89e26b8e5896624bd87b998c0c546a94000b7cf8b0e179fc91171c190cd096
436,5747a6999f53,78a90bc1543f362f,ec0f445e4d387bacf9b74a696d44837b8346e534c8640dcbb3fb8498f22c6833
437,6de737ba24f7,4db219ff5b08bcb4,5a31327de876984f6fd2a9650aaebc521f5b6dbb52e9f05bfb02507e8bc33125
438,09006c50e2b1,f45adf1d54289a4c,9c8cade6e6d44ab6e10becff29e9a68b51f7f1e3c61ab401b49bde0b45e90e27
439,3b91663f805b,b2a028e1796c85b9,bec583ced8cf77094522ebf25e1600c11bbf24a750bece81a16dfe1e4203a4b7
440,a84a18e21b72,ea8f612b84d075ef,196a82e7bbbf07aed19113e379e2321e5d59d0ec7f214255f87e4c9a73c56bc7
441,e64f12271d56,23b84ebf395d9f82,0f11a346c733e19f96d0f9fa01adccd66cfd08da179c4417555b73b86eb18e00
442,7e351c2e4f4f,8cda3fbf7baa6558,1742a268fe5662f03c4755bb5f66dbf9b1228e96cc048d4070d66c29cea0d09a
443,be59220e1fc9,44ba3fe4a57812c8,e26b3e1a2e8775f54e7d1600a2f223e0695cbe67f08bcfa07de8e1dd119f5b57
444,78d67d6ac569,a092b38786fe6cf6,ba4c5f5e886e61868f1565ec8c0d3aee6683f14fb68a80fd10d91f3bc45b554a
445,b02485ebaae5,c99a3c5939809a62,9275f93ddefdb7e869c918c08597f6486fd18613a77a3875b3db6f54e3e65a5f
446,90cc3e13050b,b42434a242107e29,82dd15d2bfd2575aac065e62e0eb3b21546687adaaf9898159ebafbb5cd1267e
447,abeddbbc7333,745c15dd1cde1780,e847beeac327f533a8831558d516b0fa26313af3c09b8b9831489ee38d9edae5
448,1e7ae2a60eaa,2496498ededc6df2,ee5fc918bff0cea5b9e6b2df730537296aa55f3378041f0a64319e5b2a495e0c
449,cb2d68a394b6,a9402fb20e5bbc69,06bf5361e4fe40a926879c9f0ef6ec6bac09979887cdd84742bdef9233ba6ac1
450,8b6622b47ebc,c2895f9ad525f78d,31d4d999b1b4492876d9f1dd88c1583757e9e0733b1b476027c2c01d4630519e
451,0a7076c4a5a6,cfed15cdc915631c,4d6ab70e694e27670d5e9e334bec91f88a8fc6d8967c216dee4f9fc66947b6c9
452,07a83adec1bc,05a227d185aeab46,e12f4eb6eed6f70580063af8728a0306caa9c404a60f17c7ee26244922a2f0a9
453,b34e01662043,eb4d759f354c5131,acf2a8d6719e43853ded497ce5ea53ca2dda29691604bdf96c201e93b5551e77
454,395bb98810c3,ebbd28349e2d32d8,922fa28ad38d479692c638aca5961a1ddcd12ea3da52d33c445af94e434ebc97
455,319b8b5899b3,74f282b9abe1b1a7,a4740734b78202e75bf4ad7ea99feb2351be389800e28dcfb8cd721e5be770a6
456,1abc6a41b0da,7214aee8f783cbd6,b17b23d9de7a5e6bd80be18beb886f70ca6f258cfcfd9cebebaa5bbcee6bf8a4
457,9a1ee789e56b,f32305c419cfb5cd,7fef670fdd499b6b7b540b15e4eeda80cf381a80ff7d2cc7e04d0b05563987b2
458,9cf6c21c9de3,02711db1444d74eb,a8bddfd7edaed58203267716877bb7f229e94986b5b4e52f674159c6b835b10a
459,0a1aa7d67c2f,022a24850437e5cb,3d22f1b1eb42095a3cb8be831c5217b9cce2208aec0d220ee0979b7c554ceb57
460,ab2b33a35689,37abf70a5a6a534f,3c31b4863c53f243b9a59a4715ac99a607ccf2884399cd7f325f4a2d6f47ce4a
461,12bc10caf012,58dc25bfce6d9abf,f436d1b90a4c464991a186e244ca75c5d4ff219626cf1ef33694976996d7c4ab
462,ddd8fcad8fe3,43d09321909c5746,8f9a26d7420198394bd89acf1bf11882d6cca2188a9a3869cd238c5dd15f7fed
463,4af09118a0a5,fe9db04c1f5607dc,9ad0d689f77b0e813f56c4a540a3cafc813ffc4bad55505fc1f0b26c6d41d410
464,a3c27a6b6682,2c688b0800aba252,43b5d7dba015469218f7639cd67314b8b2e92439f92ea953dce771ba175210fd
465,5b713d9d3bb3,cafe69d5bb15f3d1,cb04c186e19d8e71c674ea10ac7130bdc5a711db41ac1982479794ff11ad7482
466,c9279884c4ad,640be6dc210e6c18,62850f69d1c0357afddf0a6db44b34285c3ca99f92f8d7a29550a1d55e7791eb
467,fa758ec457ce,1d84b46952a04fa6,53e7c0570f2d48c8102079de164f199a70819bd2f2aa0b8dcbf06101be867015
468,0717cb8f8820,abb11999a47b4ef8,9b136168c2941b4d9662e1104196416ab3ea46cc64049b8ad5db860ba42939a6
469,68da6565ff58,c765d671b7d73926,39003e880e5082487a1459eec6cb51b8960d7107f68d6968a02cf52debdde8b1
470,11fc09578135,eef08f5b199bf61a,6380949623ff360d75a94fdd18cff418eb719d6798d7f200f2cb6431cc4acd7b
471,c8ffa5044ffd,310ebb3f7096ec19,9378718e57f4399b1385b2724e105d4dcba07312072309120a3d4c95e7bf674e
472,0dc907e3c634,b1946c56f2106f22,0ac5446967b5cddb1df925a8a8855aa70ccbedef404a20f69b9147f1ca820e34
473,28fafb40fd9a,29b1776ced63cff3,6b5e8ca1b5c2add153db93f860fbb19b580615117fb13787261aefa9cd2477cd
474,3fd6122baad3,3b0fe4269352de68,8a9bec0dadb5abf8da657bc3224bc2446bbf35dbc93794748d251b39ebd3644a
475,667778262555,ee887f266c8db49a,213d7b05cd2aeefa22180355a45f5443958b1d701fb914d54ccde5bf715413f1
476,d8c7302dd413,6a9775ca2cae7882,9a28f641a8b9f444b9fb2a9a6d869b30a4fc2a28a8f244bb16384635bdf75ab7
477,40bb014ad550,08dc33aeb0b4d19f,794bf4424e45695feaae32472616d12ac3ef2c20ddd8eb06b7fe8f11b1381e1f
478,eef0c7ceb78a,3c05ed12aa8871a6,b9eb5316696a109f2143f3c1e972a23cbd5a5f093de68cafc4c41a74469408d8
479,62a4778eea15,37f132cd59fc04ee,b34e6827b87f4ea49f22001c50e260fd5d9f9acdb4d6db5c9faa07f893d7ec74
480,2243963ec605,c099a74e1fea2b76,088ca45c9697930cd38feaf3ff8dca8b7e29b7790e698826ff26e9c8feae6c89
481,bfd9ca0365c3,e9ba2baf3528c06d,1c48039a3064175dba8e8e6d80ff0b1e48b99cb0080e4c3c0a274830ac8cfcf1
482,7219312cd730,f5edca4f8cd1a8d4,392fbdda85ea960a64a1b3a5edb4c4b7eafe6b4cf6fb5fab229ea627611a3fbc
483,5b391088a14d,d6dd1b6b96681610,4acbe9184c75fb55d44078be11e916d64b0ba4e0001428cd6f8754e07aa2b910
484,d72360b16465,f3542a3c4d5818d8,ebece0d1fdaded36fd6f388cf1c36dfc6075d8c49b82a0e5c2b911d567d6b819
485,6bb7d87337e9,9db74194ef71dc49,05f725b06eacefff2a3e34d8368da1c824dfe7455906694bad98dabfda8f333e
486,41690c03abb2,2f1a830865b46d6b,f408363511b93241100c5fd0b4e20f6acae9f2722ef54aee970609e3c62aa0b6
487,6d825a04d179,ed6fe63b5bdad5f1,9b3ccca6b41fd40bb95d3621d4529e9fad0c982ef8740488d3d43cd415ace299
488,00ace5e5cb0b,2a8e959516047ad3,304ce534934a043dd862bd814f60e7eb6f2d323c7f9892e47fd2edfb66979fc9
489,6edd8a4e3573,747c2fc87f02cf08,5a6974bb2fecb788ba0d71cfd9ba5b8b2d9a365bf627b7db10572ab1731edc2f
490,9dc7c7acf869,d8891b7798062bce,b7c66e7c811ca057b3d06e8f8e2d85b0333ff4f540892c5da1c630649beeb35c
491,32adc77dbe63,68a4e04a5e1c59e5,117fe1dd3f09226835375a3eeae5af29c2e605aac118d8fc2863dad11a06e0a0
492,053a5c6c70c9,6dafbaf8b1796bc9,bd0b530e47d26f9274a5cb5b162380b085e9a7e9d7b6b85d779f45af7ca0ca7e
493,900ede806c7d,13fefdf481fab3f4,dc95c71894cc805d3134c3608864118f935148ba659acf79376e8731e11ba97b
494,3c8f51b514dd,33f6c5005f52d40e,64df11df4f3bb33305113fa06b6891eb38ad5987024f6d7db073ed03d5edbd70
495,fb76af712952,9ebb725274dd66cd,2c1d22ac08fbe237cab5c51956b7c781575487bd0451a98f00e6b2dfa36ddfc4
496,c3cfff1c5afa,613586c28bbead10,6552cef9c9bddbe0daba79aec8bb0a62bb340555e63cee011089c324ba4f7b03
497,29fb6dd2ff55,a4fc0f67cc2b1adb,572e79027a32650e7d97dd893fc9233baf46230e8a83dadb3460bd6a58b33691
498,2eb402a10e1c,2aa561e93ef711a0,bc73372e8cb40bb782000748de17170dfa005ed960b434b21f11643f91f02085
499,de58dba0fbcb,21252cec99cb3d34,c092650641e3cacdfa48ddbcbd000dc16dbef474aadf376b9687c2c33ad6f55c
500,b58f4df8d1ff,8176274a3e82b89c,ad29b00f49400f6819eebdd52a8cc5ef2f46443ce26dd7e70b11175e7c58029a
501,c8ba3e194ea0,691971822aa07786,106bbc9e465656ebf76c16836455cc9b33abcb7a8ca8bce11c6c72c26a19bc4b
502,224d06994d6b,3c99d4988756498e,9e465f51acb7620297fb99731fab1783f89870da0c15ff011db3756c33576975
503,aea626b721c4,9c1498ad9067d748,5818942216895ea7119a80d699ebcee26a9473efbedbf252ea8ea3a00d7e3757
504,419c9a6f5717,c28583f097e5e7c5,3b13570911047a2728ed6d562570f624fcd678b6543189ad1851d3c644f2c209
505,f008ee4980b5,bea4ad85744c12f9,f31597de497898d591182fbb3f41c7e81bee427f815bbc66d7445799b6bedbd6
506,4815ab101135,e3d2db57d3caf798,cee555d83ec6ae215a99e7f52029be86148365bfaea346aa37ca1438fa9d070e
507,da63a3bff1dc,67fcc06965e688da,2a53565cc3551465e869a0f3585d649fbdc9a897a1eaf94311383f962d0968ca
508,350062685f9d,d4844aab87e7d54d,d1a2357a9fe7d59e16adccf26433c1f3fb9a4dceff3d359290f35df5061bb175
509,09f5874f3b42,2f889d7c0ec2e3c7,2821df4b6de94bf93ab4fbd7102ce1298be293ba0186c2e27ca51f7f4c73a3c7
510,0149d9d7941c,df9ccd53502ef950,74103fe91d285a7e10cd693718424befaf1e14650e12333eb03651a2b86057e3
511,9db5f3ba9572,f059d8e557dc8fa3,93be1e1f069263d4280649f7b50005ae0a228e29e37a73b9c1bc9ff245880e7e
512,ce31a20bb70d,f635f0e125275143,f07be8b133bcd6ededa77b8913332a25e1f79db9ea7ba50bd277523193b3297a
513,30eb584d6a4f,ed49d140688231ef,c513149615a1334dd5f46d642f5fca312cd73977133916bcbf62d7edd1d17e18
514,193a392ace70,5e42883df223f3b5,d8af0b9e8ef788f9eda3d43a4b8032fc3bdf7fd20fd9a8cfdd6ea0f0bf4b03b5
515,4132eb8fcba5,1fadf9675c0f12c6,f8f09ab0632627423bea003640e3abdadee012088dc73abddcce0e52de6df3e1
516,e9564627d346,9a8f85082f048755,c749a64ef73e6b6cb6822f89383a92d633cacefba8776067c0e4d1c48cea37ab
517,85553c3b2557,cb64479b3e630759,b0e51cfca289bc4d6e6065b8f23c1dd0e87d3e494ed59367ec922ea67df0abf0
518,78101c7cb7d1,71b4cd7fb80b2770,1e9f019ee8d08fd4864e8227aa3ce50b5625bfb47c71aeab7afac0e42ce165a4
519,c887de44f71f,f235ab85d9305324,80e7ee4eb9283f14e1d919aac42cc3c98bea0cba2e662d26ac27b2fb5b7d60a7
520,22e20d945d2f,644883b69fa3524e,8ee3df5c100cc84a68df39b92d17f5984bcbddb37736c032bf6cb80a6fe5274a
521,2393a994afee,7ccd9a83dedc1b6c,cd3c836216bd33887e99048abb41ffd792c49a4c1df80ac2fccd1d29c11923d8
522,68ec73aa700f,b4e282eae36a8d34,34a64dc9d7a15680a478b357d7d8fd77761e8768795a1f034d57a9421f860123
523,395291d95a8e,a76c011ef577a292,869a4d16c79d5c3781342fff931387aceccb36301cca25f560011dfc02f76fec
524,1dc4ce0bab3a,51ead459cb65e959,8d8d2d76cbc4748e28dbd845a723b6b5055f652f902bea7eb8ae23429c682023
525,146356e1d117,c67b794cef1766b1,8230a8d72163093a6c9cc75eec39c1e80c2979b9365483552724e261dbc189fe
526,a25a5e3ed517,69a006ae775874a9,66938c5eb3935dde256ff93eb5bd658d0f431aaeab4949e8e8e44c694eb1273e
527,65d5620ee49a,bece5cbe9d016f25,65582378a54d47af70638ec6a9ee811a93eda16e5cc7bdf9f9a30e9b45e8af1d
528,9b76f749d1cd,cc2ca4427350610d,64c8f1e502023e5c296e553587a11cb8dcbb399590c588d19e2cac4a10535338
529,d5b4a4b3ce5e,46f5f640de1efcf3,af2c0c182d46b64de0058b8b913d800b995eaa6b880bbef5fda653cc10d1a551
530,04d35a96f40e,b889ea98e9ba5b1b,85e51322c0584f3a1bf9b33e6ae2eb02825ad45ed32fd4b565c9f6779ad58778
531,53c1c07c851f,a7fdc06da37a5dad,b3c77d4b1905f24e274d2ac339b721e5c573d96b9b0e2449e6b5c3ad49614e30
532,e841ea58350e,ef69949125aa1132,3b6fff4688ff592504beb0f33f39d94f05c4610368a3d3230cf24e986cdfdc52
533,2f74cb7a7a05,7eeb19d1fc4171c0,29b8acd7e779a6b15afeb4529a8fe9b705150387abda9f4220331b82e3c27843
534,bba5569657ed,5d93650ecd628cb7,e2096f483b26a434bf55172b2c22ee902d0fcc25b1ce8b6f767985acb6a9ec4a
535,822168f08cda,605409ae00fe9cfc,1caa020e4c7cf9ad61003cd306ea7e220ee4e3cc7d71dd72b7f3c4112198d5df
536,b9786f4f6242,3e5df428d98de635,5d01d8aaefb026d57a68104b9cb7d3e0939a2cf92df056da4be2e0cf26e690e7
537,068dac6e0d72,f8e803f927f09c7e,95ee9516bfd033045710d3f7429d58a82650ced1a8930e24e42030e19d5bddef
538,66b5b7033ef4,cdc9492aa012977e,90d0b673dd45daf628c6e287d88728def28d817b6586135db5fecbeff2053798
539,3f5de1528e53,5d43033b664304d6,55f0bebbad62eb43cf7492f296c02bc573408fbb3210e851d5b2140097ae02dd
540,8362d4fbf453,6d3a54ac12d72ac1,1dda60ebef8369e81a2a8cfa0bf8be7f245d2485db4d7ea4a799ca50973f09ca
541,bd0e1fcbcb55,f73d871dc63be17f,f1601b9958e35457d3f67a5164d86c1f52a53d7e37d032a07f22917a2e647317
542,e690066d6e42,aa3fdbd36cc44f5f,849fabb0eb83869f8ce370a685be8924bb43031967c04455a728649c02eff050
543,65548d3025d5,045b6fdfe8e29512,3082ba049bcfd8953653b72bfaa1510d22bc9307c93575734341ee39270113c9
544,73bfc55099f5,3d1d903dabd94f7d,679ab82f74c2159a0563e59b5f7d64a704d85168194d24003da062e139884673
545,51ec2f9f7206,5199dd5f20a59cb9,872a4472a17144830db8243d676fb9000b40c4d75f3b9eb2a738c60da180d81f
546,ee54eaa37757,2b241a35da5bd245,3dd557bb131fcda3fa4c8a2ac67874368893e03477f90dca31e23f544ec66d59
547,d698bd0c4cd7,8cdf5161e2aa90df,998ea888936b7431748b7b8aa5223100a8fd60187df76786fd606a4aa2efa88f
548,86f7a3fcabea,c3a4aec23053e956,0eb9fc35a7bda0135d87d3eda5fd155b667a5bb6dfad554d339572d6338a0f24
549,0c7a95465fd4,49e0b8c308a6aac2,d5c9f4e5a900e5f9dfe14c41b91460b682a7831c81363a241017061f588d5a50
550,69ce70330977,0e7e8d79435f71e9,8d66f18fdd6a232e842045b4193f54b9249f54fb0e5f65e6fa98531f802b6157
551,106c6f923132,5d127bd17a9154ec,d92adba0b5758a4dd4288610e8af850f67400f8670daec26e2e863ddc8bbbfe6
552,1c1f09aa5ba4,31eee878e83affb3,7c7aa29a37bd2a329d2ab21e00316f24478fab778a492cf4f094648b4413a26a
553,6b649d644bef,92655e8c19271d89,5b4b553753d162c1ae061ecc4ffacabf3c932503f9577c3f5a36fc5c1e632983
554,d37bc44351a6,0a053f85432f4043,6eaad8b6c4b218f62044e74dec7705707d8a711e3f999ecbcf654d33e696b759
555,ecb30f2fb7e5,4b319f69ead13212,fc68485178ac6f45e8e42f6d0dce1be9099cceeb2069e7b2073eb86fce2a1b27
556,253be4f10209,1b88716accb108b9,0a45ff6eb14200e53dfbad75f7e41928698be0a8980ad03201cb7bf3314793c2
557,9b5c641ff513,dac13555f7d48c61,e5e96d6f4806f6672fc56eee4840a42075d1b68e03197eb3dbba785b79504eb5
558,fefd44628779,e246bda1908fa693,cc05bb525ddac6a60d590f431469110a37d9364dd26e587cf394270b6c48f836
559,e234f2b5e75b,b834e5e20953c3e0,f18b65454bea145f9dc7885c333319d6c9dd181b512c8e0dc6d91c1569bfcf04
560,8827bd14e132,e50f04ad6b5ff2bb,c24b0f3c7ab0ce5cd09638487c5f6526a81669f8d58dfc173636f772e4654da0
561,ab0e65c6952f,92ca5d3e96a5edc8,660db4f9b534f0f269dd56f847a9025989ee3928394b6c94bf7b335506a15cc2
562,464dd162ca39,7d7037b7a082710b,9b8919391963580bdcde72a7eb2125f06461a9153d16fd9a29b3c55d772fcf9d
563,2fc2cea4686b,a9124e715d42c1ef,0b83984ef4ae853a6113f7db2b20ec71f07f6256a3ab5666492a4469d0fde92e
564,89ba1ff773a1,683661f94ecb328a,eff8ea2446858bf2944a1adf565dad864f2a48506034702c1040ac23e355d4bd
565,10b5614a750f,f8710215436ee49d,07ac6fc2677ffbc5d0ef09bb3bf7f427b0538b7353953f78e4ad6b2b5dc59a3a
566,1c71d594e4e2,54318af931ab8f51,8b92ce919810149f8c53b6509cbce3b410cf8cde2925b590cf8bb21e47edc539
567,838208b717ef,02732c7797eb484f,46d3790df449cf39ab73d25648ad52f4ee64bf18a2573379852bfedd480a083e
568,36a0216124b5,6002f459f223b88b,7f9fed55b47012168febe4ab4b2dfac269b969e6c5700997c6632d8395400668
569,a06de5c15686,8a20eda5d6423956,6a5c57d9aeb40664eca39bb4fbbdb1d42533b12d9f5ff5ea1092da9f6ae976ef
570,4623ec3a951b,fa50003565a4761e,4e0ae602b4595da6e2924b73d39d84bd73fc1e3334f2754828b4d8a59e91279c
571,de61bda5bdb8,df92135c6eba8ec9,b146e347043c6f0d1ff83d2478b152cfb9eca5bde09da1f8c2513e27a2419d2d
572,855c3333628f,e10bc1b38c597c88,79def69b9c642c743a1d59876ac2aa9b82c0107c0c2fc96ceea3bec8789895f1
573,59cf67a8d98a,1ac771bc2705c3f8,30efdd4f2003b65afdeebab0c8abca0b6af1ea9a5f28058aa66cac4698289447
574,2eca1d80b4ed,759a146b233b2911,457e9d64959e61c6e410b0d371e5666b7d7ccb17330a9942acb5a7cf7fc2bd07
575,7b8388c768b3,a2802ec68bb903ef,0165a73df5a76baf142e0072b2f4e66b0842d099b3dd60d4deddd9025269e0e6
576,58253c18e1a2,2ef76270ebd7f603,08ceab198b1a1c8a24e61f335725effecc069faef5538dc00796f1daebec5252
577,195f5ec767ef,41b81e5d67281789,d9cba8017de477d455e7df06bbf3fec0e3b196ce9a725f798729aa2efa418be5
578,7fcde0904e5b,7ad020da96a32fa1,11a140f490345b718bd60c5c15aa9a511f54ea88d1f62954f0f6b823f6f0140a
579,a9a0a9d9eebb,06807d9bfa42b9a9,7406e3ceb2a41e28be0e584bb53da642901a860e844cc7fcaef463f42df32b26
580,e47736c172d1,be5f6eaab2b9ba91,0cf372d3b3fbcb261b08deea5cd92da061cd91c55f7cb4b50aa72410cda52cb4
581,daba78d5ad6e,048da54ec792db5b,6dc11ea66ad18aab7a00286a56e69e71dc1b7021ad3be40c5b877d5436fa52d4
582,d391afe0c4bd,2f23e049dd35bc7e,1d3203a7e3abf7ea114e46bbb8999e390f5fedf1a2875235f1b68e2a2503dd05
583,bc785905fb75,622b24efea83ab53,09343ae1a20b2c2844981eec7e5f6ac20da27bf265f9f17a4a06e38d3a8d550b
584,05a3c55b4681,fa5e966a8dc54c95,b80ecfb8b57889ede5e428546895e2ad704e9755af11c9980364f522892d1e0f
585,a4c832f87a68,538b23b6cdee1d69,d2f12bccda4a3b7e0ebd546d393a3c13555373335177a71834bbec653aa13d40
586,da6fea99e8d2,a12ef0478f48f573,32902b100e84ec74cdbd671beaca5deb0168f389f1e4c87a8c15fe85c70cec7c
587,5ec4314b7431,5f10c91d29ef5ff9,57945c9a3b54c39c259c96b9b24799dcfc81319369ed7ad7b3c37266f7811f04
588,be3ffaecf5ba,7ce2c67e34f19b02,fd942718ba4a9a0f8f494d2dbb19b1a1920e34b8e58e885f557ead3301e7bfa4
589,3eec9711603f,99e7cf73ba9bacec,a09dc4d9a145abf0ecb344f45dde5a8aecf6d24bfa80179f7aaa41f07326e206
590,620e60282cc1,00775d75fa6a95e1,116e67dcc545479233583e02277c88f841b379e2f016563d826eaaaae253579b
591,91bb04fd50b7,d08fb7b950704fff,16eee342230b212ea7794c759ee2e25a047ebb9dfd2c297ef4f722fc9ac24892
592,ae2676e9135d,e8aa3356b3ad7af9,83fef07b0608cc285ae88b2184480e21a7566002a8d0232b119253fde46ae57e
593,da8ea31b6c55,6003390e4f22c3d3,83719c651de27645c5cd354c9947a859a6da3d5eed2255967eb887a9be9d8eea
594,cf95eb5f7e37,f50e755e2e3a40f3,f30b0bf255b0c35c440c19260784facb879ef3ad9fcdd90afd5ba68acf2def0b
595,438d7498eaae,d59ae7d0c4f073a7,e48262eea90d4c4a8faa557fac9dee8b859ff7e7572b8ceeda49718cc5355f47
596,32a493ba4942,c87921ab385b5c03,ec2ead823ce31c866137e01965daedc2041f8dcaed8462012e03a16bbb435365
597,123db4cf40e7,6ee1977d07897a21,82fdb52c5deaa2ed4f89a34624f957c264f2de94fd74003803bcec3143dd02fc
598,abe8d113e0ce,25c8efbae1d074d0,8a913a6e913b3392cf427eaa746b74e4b26c630d3f2aaf0d9a5ab8845a118b73
599,0fd3bef903c5,243dd6530e610add,32f941094b542e0d97e1c54ee16e77e6fa8edb2e05bc8cbc25e5ef393c86894e
600,1e6957236b59,be0e0ecf97c9b687,7ac21b650d49b4c5271e220ca008aceff6819a68eabf0f8172eab6cc419e1023
601,06e38e80fb8c,e549ce1d166e69a9,c41c50fba8cc8d3272b81deaab379cd337f088aeba9b7ba8bb09aefe8953f10c
602,cda6c32e178e,cd6827d32c0a2c5f,6b2981294050d015675eb34957c635d5b4df6bef13d828d7d8b35b7680fdbf0e
603,0780fe4b0b8b,16f7ae26fddf1755,a01559edb18c857ce70f8674b383df72d4c99f71928eebe36be6faa3bdad59b4
604,b02598967cb6,96b5b9cae27e1bfc,3f741f7998fa1afddcfafe9d00ef2a7fc421813064ed094f69da4405a90e7822
605,0677e55f5e23,41b798fcfa1a76a5,49747a9c7ac7d5745560c3106c361c89ab2cc48225c450338cf7f753d9136f4f
606,c613a0937ef6,7f3e65418eb5ce83,afc78c365edfa128da8f8e932cbe29aa8d75eb2e33f705453facd11a635c994d
607,72d462405580,717eeb8ae756ce69,4c7d9b52f07ae5a9c7e198cf79175135e18947ce124a292af601e1e286e92165
608,8e76ce379d35,771953c26a5bc6cb,b40e7c16b60e0119acaf264b78d59c93a213a2fb9e613fa1528dc2ac3d39092e
609,61710fe4b8ba,ddc9a3c212e95d45,8ec2cc8b5ae999eccbe1b682bfc15cc14e91194dc6f409d3945572bef1f35649
610,c56b3ea4c62e,e1530b55ccf4cee5,a7bddc6e8c6e0440cf42b9853288a70b63495a619451424e97a497b7a6dc5b23
611,9e3992c0947c,26ef53ff539d5651,e259722ef2a3b17f048ae61296010dee2d603b61af5d65b570fb45849b3c8275
612,87dad08fffab,53fe6a938ac02e2e,b74fea12bd76391bb5090990f17524055618bb5b98837d140d272576de53a499
613,058a145ceb07,1f46eebec533f792,afa822d9843332900e9b5f06d325b41c77b97e8ef418b9992dba3328ecea7fcc
614,3ee8b22c020e,536da96931cfaf91,4dcd4033371b0681be5281d99c418ef7699a1762ae8e27419aeb4278206bbf39
615,d784a650b64d,8442b0b02197d24e,f36add541b87d2e5a8be54e64686748e29236e1f8d8ce28fb742e06ef89cf749
616,49f1c9b761b5,febe6784e1fe4da4,a8f760584b2b9d9b7bde6127ae91a4ce9291f41bbef12495d6988c65ca9b1de0
617,1e00d60360b9,7de2ce5d07e51602,54c3046d95e59017166132ab8a72e7533d121a84601375e9f80c31dcc654405e
618,57b519cc0798,e6b58cdd6a4068c4,748e8dd00bbf4580eef892c5a92fda8c4eaca52564a740ed11fbbfee80235216
619,67c9ab718360,f2f354ccb00621e6,db48d641b8bb43909c9dba8b81367b61844b7c7915eb704d00430e9e46e841bb
620,efd6553ff691,682ea9b8ecf81cc9,87525583c7f39a1aeb5f8e8435738e7863db5c88ed391e9769b6c1fd7e1a9d17
621,6c85cacad3f7,06f3ad43ea40e11e,68a30b8a33794b069f63b1fe261e9b625fbbc293ec2e00fe0e4baf2edf746f75
622,678ca7860f5f,3a7db37e3cf4891e,457a9f76c7d8d6ad54ef02b37d4ea3e532236af35220402fd3b808dce1a7a0a2
623,c1caf841c779,6c2283883737a2bb,26dd8bf5a91332eaf4594131b41fae757398996d5ca20851ff86c00274104746
624,7a1f88ada50d,a84c4b6100698be4,355c18171a54946652984a8979c74be41039a3614dfa020df1c3a732d56f4083
625,af2a969d3694,eab3010476c05e3d,6350494d7ef54f815fb0e58aac7f85c87c0127134681d87a6179d70d87172f76
626,cb53766ed169,d397d5703cebdcec,e22060612fd4b6e02b5b2329c42fd0c7e32f70a67604e56a80d35e23b8dbfe33
627,a489d1f072d8,e6be5ec29526c9f6,aa66862f9c65e3f972f42c3f8cb2e1d6d2264cf45faeb480f2abfddb79f3166b
628,5b85a85cd987,0d43f135d10ce017,95eb6e60485e937f1095e8d77cb519760ff4a6b6d43e8d977327ed66e2faf369
629,775edee66871,d7eb1d81ddd6a9c8,fe2b5edbf19586e529ebd5c0f28da1be2fe349b5c078561d442ae453e2445647
630,d80bf8786ecc,89671829ffd4d921,4f64aa3006edf7b1e53f2e6b81e1ff77b7a2f1c24614ae26d76b357dad957902
631,e6057dad162d,5f0e626e8614ca0d,7b0b0f753c818b45023d3e6dd16484fac69cf8004d5bc102e3fbf474ed59087d
632,45ac7f442253,9945660369ff8956,e68d2555b7ae1f355b1c41f4cc8e1012cea658318a5f2d78ee065f39810e0c15
633,85cf7fb737e4,18ab947f5b2aca46,8f32f706f2c2d95a71b5304d8aa218e0ef2ed677bf339266bc21aa72a751d91b
634,0ad6ba3d017a,2b99043b4d384323,668c93bf84347f13b7847b3b59dadbb78791f642cc9d46a41e0ca9ed344391a0
635,0be31be93581,cc8a0a4e2cfc5995,17c728e66c06edddbc54b2abd579d54ddae98dde6e1a1c5662bb13ef55cf8ddf
636,b1b4d03872f3,110cf5831c9c5c82,1f5d9d99d8f313bdc996b517f4e682175e1c0ae1680680a2fe66916c57e765fa
637,6cd9fcdcd403,59851ca92e6d3ab3,3a8ef4dcf63a509400d43ed1704229c1628e3113d6a1511c3a0b32e41098481e
638,b5b89228cae2,6dc5395c781fad66,f834f921f716617f952af3783a81954cc2091392d03a693497d6af882ba883fb
639,baab984b7af5,66e31d15d82c9d23,b5e791a94157b2be0f0344cbc150e4e83644e69fb9965b136ca8df182c74203f
640,00f89264aa4e,d10fba57d98767dd,fd2449d3ef218d80d06ae4b519be237849fb0ef1884f7aa61b94d73fd02eecc8
641,944834da9516,1f811d0e7c0ea23d,bc9d5bdbee644c3fb022eab0a22d97e77f9b618f231542ef305f59f9f9d831e3
642,ce3a1a251ce8,f14e24bae8d58599,159a9f862ecbeb4381f53afe4bf586d63aec76dc295493bbd364a5294677c0d6
643,4925fd4ffcb0,d05ae576c3d59e91,ffd6301e7ef9025085443ab7723e2de514a1a5ee1998fb7b9c6e38b006a11631
644,ff8d3ad03921,a22f3e72f13f0af0,b9aa04c196c69742de5fad95cf025cd133db992ae9c19f58f0ac524780f3f01f
645,1927b2c7df02,5cba8d61f837111e,1789567617ebc70221fb6b74c08ac330115f52d113df82fd85b62acccac52516
646,c2ef9bd6c856,05ddb17ec46e9bc1,69810a50230c5db82033ef19af49e2e36bd7b3f6fb6b89711b0503a47514bfef
647,f921e95a1815,683d4c8871ae96a5,d913c1460824dac567974b36d5ac189778ffaf970889f572e8c7d7c705401f3b
648,76285febd792,57b92b6e38f22728,5998ae3f8431121b048a27811ed38126dc426bbcb4bc9d9a2ec986f961b73f35
649,52846763c8fe,e9e456bbd6389ee7,2868f585fa334d9729d2e05dee56af9c946f2bbf9f5b10bdf3d61dcd3ea9cf6d
650,16dbbb3ec179,b8177cfecbd1be57,4553c5c4d17664f2b9e7c46a3edf51ecdec37b327ccfe9b112dd82c4958e0b17
651,2504f814dd65,d02f96489857e6e2,ae71e43fc03ba42fb3692dbaa42ae1d708e7221a1b2022703c5e46ff904108eb
652,8fc2ff933822,7e6599c2d2e75c11,a286312a24c11793da5289a67272844bb66932addd90343f9b1ef4fe247c9cf6
653,d25f85caa57f,482008ec742ea790,1364ae5133dc58272095944bf99fa163f65283edaad7b869ca3f10e7f6511ce4
654,e176d11068a6,8c3c6622abd7155d,5e2d7105bb441f44f8ed4e16deee5f1694de789a3612e1db8a599905a26fd936
655,df0769c85bbd,e59b1cbbc41e6af2,460d4849413e73347654f5f834048ac8ad8d24295d3b1663dfc0cd6c9c852407
656,8819d8db511c,ec3118de0fefb2ff,45f2c4452a43cadf53ab9622f3e1027b99f5f59283a95400437ce0e2d61e833d
657,2491f383c346,e9f2250ca64f67c3,29c8a431b569f7fafc14c3b9279335bc25b951d7bc4197094f85235d2b642118
658,15b1d7163f32,64c7add41214b5e4,c7fe482c3b41343ae22797702b4e622b2eaf97cf648102cc261b4394c1e7a4ff
659,ca8cf6df4ad4,befeb0b2417b0d57,b43284f5962e59416eb86d528338cc0fdad09281f6d6c5dbe76cba03041db5aa
660,47eeae3672c8,524ce6ccb8d98433,6664b0fd6f2362eb98471e896b98ce959304e80ac615098e85a518969fde719b
661,dfe03a8eede8,8a56a3ecda0cc1ad,d373e4412a12f69a5417b5251775d7872cded99c17f1b7f63cc05a016dbea5d1
662,d87347d4d8d8,d22ce0aaae4ffe7c,42036281f873c2abbac82a23f83d37621a6fb6f4f35bbb5d70a422cffee5a921
663,165ef1b938ea,01a2e4cf2a080ea0,abb230c3174ea5f3399f70b4d7f51364a4726fe5a85622cf6c67423697c6943b
664,ea87c456478e,09acf7f02ec179c8,324b34084d982d1f487231a1e438b037d32400492efc45565f8fc20a03d84857
665,b2c89cc3204c,fdc2ddf72a44f278,05933e8ca6cc10c75f5af3d3bb954315b8c4a5baa2a282b98d7d3ee715bf9f61
666,02b945f97046,99125bd4a7a9b287,9efc3bde005280aeec6590bc43268f11167718bb879a730477ef30e9f59da9cb
667,938f1ec40d76,83d02e51c1a8dbcb,040bed75ae269586243016f856b749d1509d5cb9513ac7259fb1048cf0c7eda7
668,e1da32c954e0,a27d5224ee4fb8af,40c9849c501cdde28df92b1806ab501f71fe40812b9426defa79d394f11e7a8f
669,33401136ec31,af1833b07e3984e9,c295e95d2831e5ebdba2f7d06d4ca46cecabf48fc6c31a07af92fc95a0aa6fe0
670,7a26de397dd1,2b028a4ae6cad127,109f4dae49cfafe9b0670cee5d6f3f53a86351332e71ad65e27d615fc3bbc108
671,73d2ab941a64,9a0fdcf43e04d36d,730b0741229822c6dd2f8e57c0bd63db243355362e366b5c3e5aca2151a8ee45
672,5cec0f0d8567,24dae90b14d12d4b,340846d1ea095516a678edec99cb3c20d22302fe78ca08e874d6d184293e3109
673,9f66ec8e3c35,b7ee86a6ed97992b,a04f9cecea9803e7f2f0540a46a6e725f47c14cded1415a0c80d487236dcaf1d
674,c16a27d5acf8,c1b98b3eb45bd0da,6c80e87640f973c89c723bdc3453554e83e4225f4209abbb1edfe599eb3b0322
675,75e52a8184bc,294d2c64a755dbb6,804a48dfb47330fdd9a802c6acb501c79a62074c356c3cfdab2e5ea225989409
676,cfde034d2a07,62014ac536f1a0e9,1c97f8463ed1051074345b3695a19e308e75ad06bbcf86e3fc733229456f6d0a
677,9143b3bb4615,4301d69801250b78,6fff0b374ceaab81dde3ab212cb2d5f5f2f8a787c209008295ac20260936efe1
678,d3f09da6c175,57e25e80b3a40feb,6b928db318f155234417958a4f65ab8a2109aca25aba6d1321ee1f47d46a229a
679,bee2345fa712,7a5721a9d59ab7c2,b1f0523cb116c04e3043d8e58cc6285df254d496e9fcd85970040086a85bc6f6
680,fa8f9a2ebed1,9f476ea165ff94c4,af646de20133b36b0e497328fa913188c699b31e0c1e14cff403108a51f3ea56
681,f9f5369661a5,850d35dc272a0c20,06fe93e181aae905451024232b11b081b69eb32eab1b722d09fdd2ad3ec3a59f
682,9eea18421888,870d1e47fd2fe5da,f5d00ae4784a2590e2a0908d3796b89f70ddb1d0b5bff004ce923624b47168b4
683,55d734ab4ce0,953521eabe86f73d,952e5a1b30521bb2600c185654e2b25d064ee1a3be8c16d298c93e5255b77815
684,cef443653f5d,3671756612bb7a82,4cd0c015f828c3896ec373e67462a3ac154e930c9163889ebcf75c9ccfe95dfe
685,a9ebcd54c13c,adc718714ca1ecf8,ce2ea0e532bbe7f46826201c132b112219e53175e192d9891cb442eac9920efa
686,91be3ad822ef,c560d2f775598025,b3c204a6c8fe3b9e43f1080c1ce71a2120c34e53d68a0be61770b82e952e940d
687,e90535d697e6,a4bd52cfbb12a93e,ccc2d97c7a5dbe4de685564c8381b7c9c2b1226c346b477486f0de6b4dd8d740
688,3c7b397b1c43,7f64da75414a96ff,f39bdbe85dd5e89de17efc1128f980e4e536134bb61283c6ee2191b50c98d9c0
689,88bc300e0eab,bc318f15ab2272a6,6fd152a1f0cbe35071f1c412e38fe8f0ab071f9c92855177122a5751ceedccd6
690,172eda0bba1f,d850f9c206ecb444,0631b73c2801dc25632f62119edecd5bc74c7101762c135da5960476d99093a5
691,4fc9124d702f,7f1c3189756732b5,600991fbfed17ee95e2f81465163d0b674ef96c166efad9a75d17f16295e8e5f
692,c4113ccf9b10,46802af60653bef6,36b1cf8a51f09b03b9cfcfce9c712f627304fcce5c2d7e1bef7df9c949d6bf84
693,92594c05ba3e,b94751a826cab5e0,7f9917478086e25eeb3759d3dc1427bf9687ec3b478970d3db21817ed78de4d9
694,1bd9a398669c,9c39e84bbc33bb6c,b4a43c1a91724a00c6209860fd625643d0ee8a37c296d326bead400aab215e42
695,321f5fcf2cc6,65a8ec22b0cda3b3,54ec5b8e95a502a442b6fd2c46be42725ad5686099617193e8311cc3ab122004
696,398f07b37fa5,b4757371ca46434b,cbb6455914d43b6354e3d6aa13bf6f2effedcec655c07ba3ba345846f2d8c06e
697,0790415364d6,2216043d391356fe,891d304920e7a7192d13b9e484ec5867beb420eb3043d6b7a3cfef27cd27b8dd
698,9e5e3009a13e,7546f5647d4fd729,8140e56bdf0c7c501b6cb14d02ddb0be25af9401e77d0cd9120e303b3062a610
699,82e0752b3fc5,cad6878f1a967706,2e71976bbdccf7cde695324ba3db49c8142a1376795d68ab5bf224157e8b7e72
700,656e40800f50,6bd23e6b5cfa9770,8567a3185aed95f438812231cba7fa3a5174ead98c9f147347926e07867e3dea
701,4a51c1edeb7f,ba631cfca5459717,af556761e0a04218809a442b12e69449cd359ab95f373e0a84ebe4a78eb9a986
702,5f74709838bd,ecadc4d7e40d8d49,abf3db7f658278b752f4375410139013d326cbbc6336bc2761a03251f3d70774
703,e2db23ae34c0,f634c0aed25ea723,a11a7968360e364b2c1a4d6d2a98a32270cfa51bccaf0d3c14e7774658d85fe8
704,5009e9117700,c0d1007e301b1764,423da3369b8d57b280194d7c852b0f2ffea9cabc8bb3b4ce66f6543064edd048
705,a4e1b32ff6f9,3bc5974808800ed0,78c022c803754117ed810f9d7fa3cc44c600c4d57c33e6231b681ed7442db72f
706,ff992717eb14,908bf4b88a769487,dec089083c596f8a4ee5dd00743b1f57f5f1a403c6b39eb1e9eaebd28d577130
707,480315a3baa7,6c333bd09c28a0d0,99cd6950b046c0fb3ed117150905afe47b558b7a7460c5cbe49cc300039a4622
708,b2d3e299710a,cdf93ee64d309fbf,22f2b067ce0f716f7de3f45fc6120ca128348a1e5595cc941e744eb0528c7df2
709,d323e1a793a2,9d72cb042b90b143,016f1c5162408be91f6ed60eb005c0a09a987f5d46f3f203910b4181054d262a
710,284dbff09dca,5f399fd42866896f,c2396406cb93f594d46391799ffd2c7550ea71eb740cf3248958fb1f3f60c59b
711,626df672f1fb,c538b47242e4a975,72f9cccac689e9771526f5aae93cb632e4eefaef400949802f33bbc4db598179
712,c8bc9cb92f8d,0b0d557c3d049f0a,0cea47b009e63de753a3ddf9d7e5f28c90e1ec1349a4c037dd2e897e11dabaa9
713,141947480c3c,d5fcda1c1d7bc2ea,94b72a58dbd4f77f0ddba18a1603147a4d677ff38c1db68370b0cc09ea08dee9
714,be73dfda3c83,e1599beaf0ebe080,6b62da571c6e6d2bdbcb28711790462abb899d7597160b75c2a4a92f0101f208
715,d11e61dcaccd,0a568884288bf4f3,28e495e54ae4c73aa6ab2df00f07cf220fc6642ab70a75a2698646b3a4630a7e
716,c33f1983c460,1fbb455939e50855,3a2fa9721347a2a368264b1bd4ac69306c7182839a5d0f3a7165d4c7f83008e0
717,3cfdec13f528,5de1371b69c7342a,b2e536fd3c2b6daa3fde68c99d66bf8df17dbf336dea3046847aad4b4814d2a6
718,148506a407ea,376fa0d6db06b436,aa069445c5cdffa15e17e0823f1bdfb66044a0a613b9015c4271b51f3cccee1f
719,88fdafed8acd,114592816c109629,dfa128c70e73402fc8c2e5815879a9edc9f7acdd9751091489bffbd6d9451692
720,2cb92fcfa905,369923e0b6504ccf,b98440ab77a390b5f77ccc86563131e779fc401cf7026e25c610ccce467f5381
721,9e7017554ac3,f50832fe697f64bd,d646a1d47090e1c475c3e8f64579e29d482cc9d6fdf9cbc72930041c4b6b5cdb
722,5b4f3280d47a,8665c5057500605d,5b7a36494e0a0575ae7ebee5c7ad67b89684ddbdcd74f0c0890c94d2b7eb5da7
723,b43f4ae6c55b,7860bcb8e363bca6,c9ac2703895d06e4a6ab145d4852aef8cdb59d84d4a666e209b54c1101e3eb9e
724,25118a4d53e8,c5bb2c596868c44e,f17d98c09b08243c95ada2413ccfc0396280953857f9526a3b433b4fca23e341
725,26cb0249636a,e1b9a9c05b3c169e,d4792b1e561e918cd79a3a5193b56d85cc95cce18a9f610bb811382c2092c37f
726,8a78f4467c99,f9e65e106b7ce4c7,e764ecf9c4e774f6a5ff37f47093ab2d4e4d8aa869b19d885b9acdc35a0f80fb
727,e55bdd2cea18,e551650a216f8cfe,1f95fe25ec224e0410002508c505e8b3070aeca89fe59e9cbdd8a0017d5bac2b
728,c34d54b1da1b,072dba6cfef6010e,9c4c500d01a15b13b95c38a03eab225145f9518092f775adf1d1bf6b2c458bde
729,297518e47818,87369f97f6126923,1b74d8e1c6622b8ea0adaa91b69ba74d31172914c03ba804644b29b4df95ede4
730,89039a662b86,f376090263491f57,714d1a11671a7e9220fb52b0788889f8636e4c806b3a5b963fe5132434921b70
731,bcb7551947a2,cb11fa14b25e9d36,4a3835d9c98708dd9ad369cdb65ffc8f53414da027a8a870b77a9865b659ed60
732,0b4eb5e2c87f,031280d9dc0d56fb,9f2bfe601758a3f2b94454c87d0951bf071c9627421bcebca3bd102a73c61e6a
733,bbc17f4564d9,f62d44d52b7acb39,253d1cabede948d2f952c03e82d80777f56dd8c27c274e1295157ef77a0febdc
734,cee164b56677,cebfcdf65d10dfef,257ca505dd15d5357798edf9ef895653c0583cb39773198ccd10c3a9e29b36e8
735,8510b7970b3e,ca7a64be9b377f67,c3e6fbf9a33c8137726edcd21a285f35a86bb90e73bd3fece9c6590962528bf6
736,1fbdfe536fba,ee2a090d5601aecc,3244b1097fbaeb8750cc4a6a4fa424e74a9e1e64e4d668392c65266bab797530
737,61250aaa8e45,7c20970b1477a7a6,a00db8ddb52745e4336973562640c02dbc5f6ac273108dc82f32740a99e481e0
738,38bbc986c66b,71e93b80b525bfdc,53c6468e8678184d29a0b67819c58abbc0ccc4bbc44d61e98e8b9edb8ac29e7b
739,8fa126be690e,89476e317c64cf4c,1a768ffa960403f2ea1881e452cac860033af1e06d54ca57b492fc266d451906
740,d31413179974,9cfcf3437a92ddbb,9bd90e17471c0c86260f93d226b623508535692723480f1d521733119d7d1c34
741,898f2057b145,e29a2f388ee52344,7a5c06955e7130333d3b5dfcdcf4e25d5c3b696c14abeb7798baff4c2a66b9db
742,786b4f4e15e1,28aa1442383dea71,0b79707d6cd21a1c5a046e3aad53feb10a4312feb605d7294930690663563356
743,5aaa0bed3a3f,cfd19425f30233d9,0643c586755f8f01f39d23bfaced21b29ae92f5ea9e495144ce90dc701026240
744,44349db6e0df,44e9239025b2cddd,23c062616a4ee698d96c63135473cd7cdc736fbd6839b8a9ec1058c683573727
745,2d220086cfff,b04d1ce78a8db7ca,ff5c21d3db2d026a53e0d6c0b3434d73ec16da13e26fd1bc8150539949375b86
746,cf9ecd323760,34558a0eac031e82,c306ddb1643b603a71d703f4f055c264ce4f2e4bbd3898bc41014d99af7a20d3
747,23928d1a54ce,2c7a160421d928a4,07405ac69101edf0f48314b27c1641ca258a4acf968512ee413db2cc863bdd6b
748,683f10836be6,7480b7ecd70139cb,e4cb21ce58c23433c2b5065e1097bba8475b76899e2275dbe5049b35ff00f313
749,8f5b2ae3685b,99dd7acee341686c,539653811874012b52b496ea7cb4d5f8c8691fa34bd6ce5d41a4a252366e307a
750,32cd4b82e363,bf177b9e909ff019,ffb76ac1e3955468a6905d8cfaab463d3be8a69291a8114009d9e707ddbe0e18
751,0f0a293c1631,46be17fa1ae86515,03f57059c213a8dcd4832042f521570f923e6eb1f870bd0dfd7b159a9ed619fc
752,6577ff88ae05,945470ac4f2cd400,5986776ee109f59c6db2f31dcbaf086996a2ca1ae25096bcf6871cb2b255ce3e
753,eea0b3e963d7,a56a6bc2c84a7377,78eb12e9f3593558c732cde359626e55cabd27acd2237516fd2f7988a795f989
754,130aeb1b0160,49decf2e7e8fa2a1,836d37ab91bf82b89918cb3c922e98c4491ba13cb963bc17e741394deaa5f968
755,41e9af1149c0,557b57c64fd14785,42b2d3fae2f8bf3d76959cd80e2be4f3d9ebd77323c7a46789ba55c844900ac3
756,40580711c66a,555449c8a676fed3,003cd59e4348004e90192a122efb99d466d21ede71ec396e61d3f84542c9195a
757,7c8845d1886b,7bf2e04c6e4a04d7,a4cf1d8bd668f5e6ad7e60a22586c1ef14289ce052de9527bbfd8ef701898b56
758,bda3a5e6303b,87825a9209930945,53baec530bea1c6a8044b7a045ed2698612e48fdef7720bc1e12f3bca4cba49a
759,7b4386255961,2a7146a46c501707,c26a210a8c12cf41bb9306ca4189cb9deb756fbc08e82bc8942aa6f2dee6d8b7
760,f30776ce706a,90861ca51d7828c0,521b10d106fc1aa5dc553f295e4e70e802b5b0b0cd710f6dcf8520920a92385b
761,26c7ad8c4ef7,056fb4d4285267e0,158ec0c769884e60ba120fcc61a36ec3a3e6e7f5fe71945441ca0379edbc7237
762,71a94ec89137,ebc7bcebdb624d3d,a0889c75880b74583c02d6a06a9e48d1ffca88995ecfd780fe27926ff87152cf
763,5010236d01cd,d300d3d8017b3bcc,44637bd91403a5f9e74120b2e036c0c27ffe2949944b28c7b2ad1aa759d165c9
764,d836e049a06f,985d626dadf92a6c,f717966836139c59a478b9e207c15e776e392fa092e9f79d86c8351683d6879d
765,8eda1375592a,0e7d135fd7f3b16f,69cb9986c3bd76c1db9b5b04e67f6bb81ca00f44eea32f17e9a3932226a954dc
766,141e478459f4,64d20b09faea764e,be0cf184b743bb3a59bab51a66923c24fa8768e4d0537f0a74fbb37946dd99d8
767,1a810a7d8d22,2f523d3395950e8a,0bc7113f5b29b78741ae1867ea062252bcdfbfb356cb41e4dc78b3e2afdc5c24
768,be3ae7ffea69,013992c5ba9a6306,ffc64e64af75befd32c7a2b5859f623b382f043344aeb6076ccd78aa629ee88e
769,e913d19a90af,b05f478f3a4c3851,421769921f61018be8d7bb8952126f9f031267c2c07a14283e23d9028301182f
770,a28e72a0cb22,23a011a9670ae727,a532e418eb4cef2f2f02cadd6dac899caab0dc2b1a3c6cbe2d233a69a1fe6e54
771,c47aaa3e66ca,784ceeba5a62c7ff,be08aa03ec1680989f3952339908cb2bbca8a023d5a7d97175f551c92268422a
772,e99645df2cd4,43189e057ed851ca,d5f17792285611cf1e2d53f2e2f4805cec27f946fc5291378f65f5d9744986ea
773,5f8e85903902,329e6d572354b048,cc60ec12aeba1c38fae8a8010ce731381070ade6ca6144c96e6fa9a56a70e564
774,1f097717f373,fc3d523190843944,5983d8b158adc2108504d1dc7a10a66a6f10ec0f5cbbb61b922a43c58d1b9c96
775,518ad044cefb,44402fea22e96a4a,75e544ceca43a2e698a43e03a8cf63703673a2d68a6763139ab67f33d262e2d7
776,03de07c05295,13369908effac386,c171b415e0e045f5fab777f4d7dab28fc26c646049699b7ae626dd4ae82f7bdc
777,9f04a838a66b,50caacc280d644d0,fc552991239c3ce727bc24684e7f7b49a89852acf65f0d9ad0d12f70197c9341
778,31db20ca80fa,244985f0eaf05651,f94152d1bd4e46cfb4183ee6aa01e16ee72108ac625b80e7f6af5d62cc9fc552
779,75c463f8b798,67befcc7719c77e7,d296fe8dd82c226e03f8e006b0e45f2298c5bca261ff1aba240f5a90954ade50
780,50b63674d35d,a6a31706c08f5324,641de3bd96ce50e777e74938fcdc4bfcfcebf692eb47119f6d47a56213aaa3e1
781,7295ef8b1075,68f50894890941bb,50f70e65aa9e1dae157a71b21f405885a2c74e5ad8e96f58d84668cb93fa2186
782,a68690295a92,0c47b0dd6998aa53,2cf3dda278d5b5f05594aa4d4ec40840dd16731136449ad8a5c4bf8e7a4cb50a
783,807f788690d2,5fac7e3287f31fba,86912a3c07411d0e65dea8c3f97a3a611b7dbd9094eed74b4bc5b9c81d0b947b
784,b1830064fed0,a1354d1508cd2fde,276afb53a157ccdeedcf218a59c953a6cfc9b5b22a644e617d845bef566ca13d
785,6139b87c3e95,6a0da63dc91eacaf,c8b71843186d766df4f6d533771bd0209c2ec65f69aa36ecbf2abe2f30aa390d
786,b2ee09425840,bb5798601f8fb44e,baca2d7bedd03efdf5ce50f3d861c462e35af391bf875e4fc82472e5450ee749
787,9d1f6de227f5,b95d9fe40c91927e,483982ee9ab72e4a9cf21f7b0c013724809d822153d93492846a665df10e13b5
788,12aca42d57f3,31bf09e6a60e8b71,36ef3dc2a6f0896d161bb902069314bffb633370a8283129959958309777649e
789,43eeaa4fbac0,92972eb0dd5e075b,76da14a7fc905ddcc7fc19f7d8e7b1b7dceec0da11b79bd99dd19adb3dd673fd
790,47dfbb8da012,921a4c9347960768,f1481d9702f387b8b9d2aa908370cd5fd45cbfb2012e71e2c1794dabee655b07
791,b69ac499eafa,1ad9b2e319248a45,75cd95621ef48765510db0d4a204d1d9955217ff2d0af8ec0367e9a2f8cf7bcf
792,dd11dce7f25f,7e2ad4bbd7987a07,08acf4d7ca01758144c2287e6401fd7c50fac6370abf6ce496ec55ac70318c2a
793,6e956a30a172,0cedd51ad89a6e4b,79d01cd80dfda2f2f1c2fea2f71a7222baccd18abf370b668096736da3a6bea2
794,d8bfcce65192,3cf3126ebe907d26,b2712524262af14dad6c4b336d906ccde6ea2df36ca8b44853a7ebd846a7d1a0
795,a3de422a38b1,52da4de38b27cbee,ff876997c58a8a45bcbcac70af439ac0d7bb0d225a0f0a27ea7eb22c2729eeee
796,b9714d6a4e74,1f96f40a2ed44381,ec3f8124140a286fe216a7cba68836f45f4cbe58feb99b87dff8b9ca98ad5548
797,ab880aacbf5b,b395b3b8c8f56907,273da20317d36cf4c78fa66c2cfcc506f5c596a403cd74b34483581793b776cd
798,6b3f14f2f9e8,a6e40bd508a0e5f2,e39f0ab54f7a2c7df1230ffaf683f6280d6492721d321cea591a1e45234a96b2
799,522c31eca1d8,c5a9a0ce2949a9c1,0f607cd112b8e96f967cb1c09d7b4acd50a14c664f11ab655ac752b8c749e7d9
800,bef0dde24532,0ee91c533da382b9,2cf77fe97882f6631d412851f10bfc4e444b1f91ac9e5f433f0da8dd0c05c070
801,e31d00d634c7,96229c45e1fed794,3bb34cacf9ba6a3beda6b6c1ed5816ba2760f9ea4b524fdccf1e7b68620dcf81
802,5eb08291348f,3314ee307586755e,1320ee758c9c0945512ed0226edeea9ce2fc8e0d5cd4c40c7c4501a7843f8271
803,8a2b77c56fe0,c17b769dd240885c,bcd10e4a5a579f9f96a41902d7c19257d0bb5d748478cfc27eb7e909340a3980
804,81f8e6596dba,489f9776f7d56ce2,c43cfcb0b7ee2bf769dd65c716dd8bd3294ab7b82310593b0f8a807b6f03e48d
805,1e1caf4b59e1,1b60b2feb7a37179,6782fd3e1c348769cefb0bb9a63c76e6d0682f43d2b4352037a6de39083a1e45
806,45d0dd0d3b87,24a3f1f89bb0ecc3,36a50b8dc47f1d3222899ea82a0e851c6a96629667cceee619f8f80ade7f4a02
807,ad6db3d4aa4f,4d5797fb20ea49b1,37d4fa7c67c690a70bcc810a151ae52c7294c951ea3e4ee4873fdd8afd6e40c2
808,06a6a005bb87,5191b5bcc180aa88,0c6dc597dd1a45460da16829c0dc7e4f7c5e07c73864c5f11bbe5aa68fd0b90a
809,fa293327628c,aa650775ca65cc62,22c762a713ff9731ae7d56c7fea8c141f2db03461d883f5bde9e27b24a0d235d
810,0210ebd7addf,79c9ff69a742ece9,ba0436d833f571e03d8de4a24d53886b8f0932e026c7f5c43f8987e24ce50e56
811,801973762913,06608c662fd3c39b,6b6d72ceaff3cfed04017f6b76bcd6e3c922ac0bb1effc15d1bb8a42a0ad064f
812,3a865fcd3934,2501f7b64c46a800,66b1dbabc53b95a58faf275799c985fb88ef2b27fa836ad2807cc3f5ee1eb7a5
813,7ef6eebb5c49,c5d2b5251891aa1a,df13928e4553963729c8a8a7b1dd04c05ccb211dea55d0b2821e04e3fecd163b
814,aa8875c9b61e,a59172f32c4c6988,d01d066114e71d246cb0bb06cbf9eb9be848c2bc60a3b5d0e13520e14819b890
815,8a772c267574,62d94905c05535eb,36a97ac2fcf9b44443963687afdf937515861d3594d9c8e7d218c53f438c32d1
816,dc761b1a45bf,963fc1db309299f6,34b44828af546e77fcf34ca9e3878687e01bc1bda129b3398fcba09797aa5ad3
817,279d8754b1b6,3b145294291b179c,5a976dd3bff9ef3fe3f4dcf29a10d2ea1d063ec925ca31778525a39ff49d2236
818,0ecfc1324207,907525ef67e9710b,5f1156cf962d26fa50733260a42a26ca3e235ae97ec9c4395de22817ce094478
819,fd4a977f948e,8ae1f79882555752,d6133890ebd9780d108d594da7f7f9bc3e1835025fb85c425c8b151b00cc4585
820,20d63983840e,bcd427b752bab05a,aec6cedf0d75a14929384ae0f7b5fc6621a2d8aee22a40c500f73ce907d80537
821,e1772ae05a04,40c527f0bf3b5298,a144154ab076b52facf3bb9dc53bdb089a5424718e1fa09e4de6ed360917aaed
822,2ec8c42bde65,0ee6f36d1170f33b,cbc2267a6af0cced39d035559f0f31a0fc1940703651a11eeb70221bf3581a08
823,3727d48fda5d,7c8147f6f5f3edfa,f0508d166d190be4d9c894d471a04a413fd64abdc3acef3c389be28e6f347250
824,06abf08237ed,d8d9ed6d251dcb12,27a7cf66395c00d814dff6ecb84cda3881399d5a405cae6648070e97b2e7d5e5
825,36d4a502b8ec,1e95e79a5f34e70e,21abe83e6ca91557cdbc4c18e37b0ed8cca9eb80655851b38b33cf4ef70212dd
826,564f027483b1,234934fcee24661a,055fe3635d0fc31f6a630c5e53c9546c6ec1ab2904c3905c7e5e2f5ff0843eb2
827,ea91221ccbb5,813d5e4fb9fd9afe,497c3a56eda8587c50476a93f371b4edd6e26fb4c3fd6fecebc849498c790b42
828,4eec4522ded6,ff0731d55db796e2,00f993964a280d009ad8f3090404ddc12daf2e83feeb1db69ed74796ce15eb6e
829,d7c5dc699521,15d22c7252bb0c18,2e2407b75159d14ef596e807dc9ff991896601c00f264d211cd4713c83bbe980
830,39a1f102bd3e,29d27d442e6e55d4,c38f9dc00a7d26ce64b446243f139b03c7f3dc4a1eff304e402995596b857518
831,a4658ab5d352,b0e4de3b7c9de14a,c9bf227d585be87dbc1dfaa7bf2f7550a6e4fde11a40ff126f54b66852e50611
832,37bfe485bef3,da03ff01230f3f4b,64a36f2d27107d5e017e3959d107f662e1b6682af8f0ddc3035e45a6b0645a1f
833,4a1b8e6bfa59,32912effc81e3ff6,2ec056494717d19ad2f4f381ca1a38134ca4deae8564e3b3a84df7946fab3d16
834,d3a0f4ab6096,bc4aed7a10dfaf0d,9cc1ed02a9f8f4a4017cf0e3b33ee0dc448a864f5965c1135233dd0d00968a73
835,06ddd33f6eac,3ee2326724c93cad,12cd33daf435a6f8e959e4bbba2c11cbf9eaf40338e70f1108a5a8080a095760
836,feda344f6fd0,a4885dce9c68442c,1bb21c9cb09cdc3a377b30aa464c839cce3717cf9aba6544b74cce5c4178760b
837,f2c45c39c3e9,b1d3dd7d3e66e879,5cca8e85531b925bb37448305da8765e5523fe2dc10cfa03113b019b075c0e37
838,c4671dddacd2,3f424d1d210543cf,a810f16ccce77ba1b2322a7488a159892be7e39af4efc23210ea1c799adf735e
839,b3595b8c0aee,0ffe110e65321a2c,0fbdfff63c0c3f5aaa3b6fdcbd1f9262fb1fbb3195f92aa7b76dfb9c4b870b3a
840,b3bfe060350f,41b3438c0353b17b,5d38973c1817692260a985673bb074b5140027d2733f0793b7503be6ed8300a7
841,9712e2de255a,0a48183402579430,d0a594cbab0ae1ce15b6c8f4045c1aec659eaca4fdb38510fca24142b106e01c
842,761471c5a4f1,39eb8df4e6b33587,120e463704d9cb028d96120124588dd0b0938431e9c2b5f8cd599f8130e4d33b
843,97efb4c87acd,ee23025e7addbde4,ffac2ea6fcaca75f7bf1c7aeb8d0bf0697ed64c6630ddd1dd371aa1d4b9d1215
844,e5bf24e23334,2618295d64c7ecec,3b2ce3b59c0c348ad323b4d0d3b2a764851bbd3037702cf4ac9549db35c930bf
845,43506b7bd150,33db0463ccb77be6,99fa7e18d8d8bafb89956e30d6282c89b6b76f01985fa0c5b42a80349758ffab
846,862bb60ddde2,4ab2823a07487702,8e3646fe624bb06484785b966b366834e17beae3ef89772576ac0e8087e82cf5
847,0b9814982a17,af5df31caccdcea4,b38730c5d6ab31e9edc746f68c1a69f489bf224d6a1b57550482849c2889e8ad
848,53dd171f8493,0d1f90785dda0903,fa0890be7e27131f77ead14795b848155d17af049eb57efffb76c2f181f731fb
849,f6346201a867,915524bd3391f107,0554eeb9bb3709e8d962ee01866c0be8b3c5df4692e392981d65a3c93e42277d
850,19ad73c55286,dd488e994ac14f6a,595e4b6b44fd5a290e639e18868320f59fe7b580bc769217913cf464a1d641ce
851,71fdc6694b6d,48e9a85a3a8c374e,7ac24249a9268f57d68d667eea6b7d985ac2a8b44851d43c9a0652892685c7a0
852,5bd7b158771d,a913d71bbdc7d0c3,3ddc9a005aa4ca5eb426a9fcba23704fa819c8f09e73a2f0d178f11fb09596fc
853,6cadb7a86de7,6a0e068964c30d7c,d941ed1730052f785cbd351b1fadcf77a3d6762389518c7ea8bcdf30e85fbdbe
854,ca819e79ac91,303ae06e97445da7,945f9bf027ec25d8a2aa37062ae63dffe21379bc74289e1f9dc888ecc001116d
855,e70decf297ed,e47996397b762cb2,a8a5c022217106661aadbd7c3584fde5e3f3e6f291e7a35951e51687246a0dd5
856,b4337a48b02a,27861d0d01065daf,69d530c23b92ac2ea31a6057bf86bb6374c7f3ae9ae24bec0565f3af341ceee7
857,9c8a91b74638,a8efe13f66f5577e,044599c2c04ed3a8119696bd945810471877ba4c11d73834fd57beb39f0b3ecb
858,017fd0050bc7,76e3dee40666d012,371e365bb60e25e12c9da38b0ec614c9bf577344f308edcabbcc626de77b2256
859,439b2256b281,3cbf35db415f3028,ac60ebc543d23a464c6021bc98ed07f7ff36582276d0178c0146a163f97c4c90
860,282a419a68ce,9cb77a281d307eb9,63a66a459ed40f4e09ce514e09fcf9f785f00d5bceea7f8cede24d1a56ce728d
861,55c24b5d8619,0644740c5094a53d,e5f198e702c535110bfa7e108d737328690ce1f62a9f644407e2e698de4ab831
862,6acbf1b7800e,d5d38ee947ab4942,9ec41aab525aa64e3dd01cdf44b7133ea6f4d8c954a2e0d23e60cbbba8eaa83e
863,946e80204244,313fa2cc40dd592f,abcf3b9df6a56b587d08a1a8d09c905054dd283acd31c341c7beab54943fc0bb
864,960e85ca10a6,55737c0a37234cec,6f5d4054b31a40305bef19793c58ba8ce4623b1061dc4fad5bf91227fc9a97a0
865,664b0520b20a,d6c759954531bb8c,6fa0cd1484e4ddc0db88d5dfb3b8c27587fc406c3850a678e270adf0e089113c
866,d35db408b4eb,cdae203aa9782d90,5a72f19d68aa121d088b40010b009b904b8c9e457e29f77c91b63ad5f763e10e
867,4e8f25b9edc9,02ff368695e29920,8c5bd1cd1e92b06fd0bad86e0eb923478e153f143fa71560f3b926278b0f665e
868,b0a0e653c1a0,60e19fac9dda81a8,92519a86ee9c7d0465411765bc935179f7fae790095b6d7c3cf92581bef7398d
869,6aab4f053106,47f350918516f6da,2f419934c4dffed23d26975758e8c6facae0b0fd3360eede90e6e913cb7223e7
870,4a080927353a,96fdcc3d4ebdc615,76c6e1e8c9010ef9f903ceeff36469f79c010c9a3055ad078549a28e0b1760cc
871,4abe041353bf,59131be31473b896,91188dff9ed0076cebb746aeb17f8225a3dfba05dd8e917c422732cbe6e55dbe
872,284461af46ea,5d7bfde7f847eef1,6a44cfc49989a7c66ebd8488fd7868ef6ad66d2a5ec46b5722d18226e18c90dc
873,79e6a16d865d,f14b65d062fbdb3c,f3e17d338352edadf3af15fa690aa0c2d243b451e52046140087ff33bc908030
874,54a0a4190056,c304379d305ff421,0412886068626b2307850abc1b59d1b2991772c76d275b9a06b287d89e5ec1f5
875,31e45b50b1d2,5cdbba9d1b2a7bb1,cc726be1e3b513af7d2fb9e0266168d9ff0ddaefcd0fc17995d294ae49c47951
876,cac6ca42f6ae,8394303f0dbe5351,cd78e11e48c3df9f9e4c6402395f161e85f24f0ae6efc65433da3f1bbc9efb33
877,d4b863efd460,bdd0154ec87c5f1a,1d100bece6fdc7f27ac7c02163a715cf92912612a4dd83655c450e90f36ff76c
878,ed2a91c442fb,f23bcbf6b6ff9e83,a158699125f44d0e4749cc8dc453e583f3c04bcd3adf0971875a659ce524cf55
879,5eaa65816aa6,3e1e3a498405ebc7,a9d17408bdf90162c2482e78eeca493ac12d9e0e52a39d29823afc4e4b907d3e
880,176dae232ead,4470efb57236685f,5f26dc7895b5c0e8d8858377b5350a8021f44a604820bdb26f7ec984e0ea0436
881,e52cc860037b,cbf2bd31002698ab,63f25e03f1ddf1780ff21bbb8ae662675c42b102115dbf32dc2d6403fb938ad2
882,69cd57fd89a1,90843849f654f189,37ec9fdeabce9429c7ce711fe17ce42450fa4928d1ed45d0ff9db6f6f5a9ee0a
883,78ce67f92207,c252cb523b6dcadf,56375eeb85a2eac3518eefd835e473d45eba57142e43933a9845903ad8a6ac5f
884,09ea68937cb7,aa2da5e6905ec9bc,4468017fa16fa6e48e91064d8ac8d6c91005d1e2663f831ec13aa8689a82dcf7
885,6447e61ddeec,80534a8efc9a4a2b,737ef53ce8dc256688df5033bbfd1a90001bf8b0f061d32304178874d92d049b
886,0556d022e445,376db1f1a48f80e1,0fe2d3ac4caf5fdd92563173b1df5fff9dbc7a2e7f0395a26d0859300f3500a9
887,c283fb6b5f75,0d88196bfa78e7a6,5e828e0be73daddd467090ad0a844662e3e776fac14dc0f636b8fad64c32fbfc
888,82172ac95a9e,ca19dbbe9052b528,f445b3b389a62bb91a2671b7679d209ad48fe02e01bf895f0e516745ca1c1596
889,f4a7d3d95175,8c2ad54c9c99617d,58111fa8e333482793ab2ecc72dc191f1e463877836bae63bedde7f5289a59f6
890,c59033653b4d,02f7fda5300dbcb4,9620a879804f7f31594604226766999152939160757dd80d505c568c1f7397c2
891,c7706c7dbbec,82c403af35085cb6,1d0e3ff38828c444481f35b6c6640ad258452262f646ce8275c207f6333dd7e6
892,2136dfa0ffc5,e3d3401146c9e19b,5f529fc4d546811489420f2350052d2a050ca78b092c0bc8a8f4e202ef5b028d
893,41172127eb9c,e8d22576bf911ccc,b6df3e4e956ef3af40215272358c1d3216508d776660ff72d7d5870b60f10f8a
894,6691a88e46a0,8a0df8f478461339,4248d9b12992380bd5011c945e1be8beb2ff428c9d114b72e32d9a35f07b44b2
895,56fdaf8a66ed,fadbe4157e2cefe1,edba3e57218d2d85de8976ca480012f436e22406cd1dd6606b098f8faa1591d1
896,668a0cfdef84,9dd8553fffe97b43,2408935a6014789c691b65f68c34f9a590a31d0895c22597aa68aa23a439e0bb
897,89c57730e5c7,9b1fa166ae9ab9bc,772d84a068d674fbd997c1c34814593d96ea9d4f1b2b8bc35b58d06fa250b4ad
898,10975886ce47,d027d610ba2e23e7,e83784c5d245e365ebb8989bf974504ecff8be082b771016caefba175f508f88
899,47155997beec,5cb23756e9815913,3e4c33361a8187e7793f3efa231822dd2e2d5efd6d7f18750ba7e9d7670e3f5b
900,b253dddeb878,798fb3f3c1c0a25c,8465a64ad020912bb4360df59602b6204002f971653a32b90f2a659e3d6dfa72
901,bcf041778935,73f1730d53561846,bf244727ab2a6ff589bb0477e71e2872530aa9b512568c670166687f0e9918b1
902,abfa0e6c6713,6849698553ec0d05,c2f896459563af279df849a797e5c350e0ee45d517ee56c0f33236d6508f1e4c
903,5130492fc495,6d262c60dc0c15e3,90c632a820ff6adf4298e2156613feaf98ae1702463dd488fb1fe0401c07404e
904,2a876656f084,288aada2b3415c7c,9f46ac124ef3b7cfedf2c31ec17b824f985454f4d73506f0177c2d420ef77119
905,586038c16c59,3cfe5ccfba6b277a,7d8344a98ff6aef85013d5bd85d3c3de2de31db8a8a450e226bb83385bd3e74e
906,6d9b8d07b772,6717aeec42a742cd,ea81920f048dd5f7b4356100567784c3ecbff690ca8d2e7befdc7d1e1a3837da
907,d526050ca5f3,41b0ec8be7d85c90,6ee97cb38eb1e0752467a064c702ad99ca854a263e970c5f7bc7a0ae1bc4521c
908,30b1b3bfc4a5,4d1e29720747bae5,cb9700935a5c43235f5e6c0399d6f9dd892857d4be73d26a4452ff95c3b881d7
909,0e84b2d9e7a7,e219989b39c5acaa,d85852bae0dc88111c3270c87fcba46283bf1297a924c77e5d2ad5784d519104
910,32057ea3f864,a8b8b9f8d6f33c6d,a75ab8c970e8d1a1364c22c10f477ce1de5d9f93387cac9b37d3ae63b50eeef4
911,855f2ae2e27f,f9df279441ddb8d9,6a12d86c27a8a27b9d79894b48c29fedcbff930886ad0cff66042c3cf7ebe908
912,7521c872d804,e2fe3bb26e3990b5,220b817995ee25886c218dc3632835c3aeb78c655b764a03ac454b92c81d47e0
913,f17559696a55,e996c5ec9f301c52,6b08313087b18fced6a2ca64514af285c3e3b48db23edc8b6c8c778270dfa82b
914,565371be2c7c,53d3ad30204cfac3,368b3d92ffc6e73fc2cfb17fd942b9b7a555f2fc82dffdcb49c7d98b5c774a1a
915,f3bb47002dc6,151eee2d41a854b6,fb1d88b1aa43cbab4bceda925a68a0ca0033cac557c9a8e58a4746a9ba8d65b3
916,c872927d911a,5da7feb48a14dd13,ebc70b3dea36e196518c305f73d7281202d1698a3b45ab672942f06a721005af
917,2c094de4cdc8,29fa60c031a9d5aa,9e107c256fa86448b76956898cf8be0d97e2b329764a20b55c63356b56998807
918,7c6f246d99dc,4a2dad4eafd687cb,3d9acc2902faab030fed044455117f89b4e60dfb58c30dcf48265673f7269219
919,0bd19d1eca3e,2a7106635cb4fd8a,3bb8d4fcd4314db73796e2b41286f309a7f6add6d9caaed122f4f38c2f77c027
920,7ceb5045cb46,c77467de3e17722d,c395fa80fd81241f63ce6b2eb952fce38c6ae1bb357f80c9157dcaa2338e145d
921,76650d943e1e,09a147a5eb704459,4c308ea09d1904e199832701f7e424e236e664dde1d1156da2fe701d46f80db2
922,ce643bd8b1ea,7ee282c6bc88824b,d0bdfd31487b721e365171e9e5c55df855539f0f342a23aeee65e05c573e3764
923,c38a9b010913,0e92671f1d89a7a8,c7ba9a25ff7bfaac8a7aa0bed7b64a007fc4c2b74b6c3a8ff34e8e6cf440435b
924,eb759781954d,783733a1b2c3b817,fb71f45442eeba4d99714dcf31bd576df439adcc438ee31b5aa78c923548bbe5
925,5485d96ef677,d97e00bc1692e388,29ab14d57b036bedec8ade82e2db756afb4c9d8b7bbbb1555240bf046a9d344a
926,3beeccafc874,2a91e82f5f740565,cb582d3596e8319e619421559f19920d79a2b264da5aaaf67578b3d7b429520c
927,e4479bcc9768,e10242781338097b,59856d8fb91598daef1dbe99582c25428df9d0102659cb00629ee9aa712ed6e2
928,e7a899dda983,7b37e9bc453af6b2,645fef84feff4e1c8c515a2e294b6c973685ea3d3bca1a5bc495940cc5d4d3b0
929,ee381e44c91c,93496a0ec48a8303,1d659f3e9cc7f2f4c93a60b04bc3baecb78cecdb16b5dd8531a7c4f5a55c8bab
930,6bbb67823bbf,5af79ad943812c5e,0c634ac3c420f15cb1b61da4220fd65cbc1e90f90bd6ebca2b36889ee6d324f0
931,b80fbce1779b,5318bf6cc4b93c83,c8b34b4bb205868ce50009917ba3e1319f1c1497853a9ebdd89f1e2df215eca7
932,f45e9346a355,21fec0b40b1194f2,46dfc7f0972ff2bb9a3147f490e35eda49fc6ea61b9001a66a73cdb5dc92e9fc
933,cf8bb936f7cb,a2a3ac7a734f9908,d968954d1fd5f6e8eb299bc1a5621064873f85f0b8af6f432255f3f975fd2238
934,3fd122841ff7,2f23fb0cbdb6d53a,0f0e9222be3b7ba420f460ad711e06533c4939a50caab7a550f67bc7fca587f1
935,404d12ee13cd,4482c29d5a5218dc,ef6f431d5c5ce17e069725f6849cc1373715a7229167ea2937103c66f790878f
936,56a95ecf143a,d3558438c50210c5,32de1af3e3fe974e31ad64906d615cdc0684f24b04874d41da92ce068f941e02
937,7e6e2606e9d9,819360c68e7cab95,c289f7ab84bca9ffa27650dccba36be9ed068bf1a89b7515fa757458ffcd566d
938,f61e16dad976,1707a01d68134116,256804214cdf83b24976791bee604df827edc503a7bf3ebe2cfba5856bc55f4f
939,496a8ba259d8,bf9ae22dd0a74565,8753368545d0089e5db42c15ea7b28dc6fe174c18a765951e472b3ef528f4b2c
940,990e393fe0bf,f372fea42de04311,58411fb276a150bd50603743259199cedb295a8459e7b455b1f32eb4d8a1c531
941,43781936dc89,41394cd38e23a69e,7203c5794b9491b804c4137fc89353f6605ae766c5ec2eff156803595df1dee0
942,08a4b7e4e606,62389509a1262cce,825fa185a09eee58574847d34bbf535a25eb2b2996e16492d513438f10035218
943,c5c3fa28e503,2f0661f04aa36353,5c130812cdc8087ab8282f7980540eba2569ad00972e2f1267d9f270ddb48c18
944,79977ad617e7,97668e5b3dfe5fd7,b98245f0e24d6b0dd6451bf3a13b40279741c1e96bf99a3a222de453c50c0a43
945,1a8e866bf40e,e771660ed56d798e,1f1fa47824f4b61855016be45fe043857b4b49b18b821eebc25ff5abbf2cecae
946,d8133f70eba2,d88594f9ceca6c4c,63daf7a679b18aa599aada2b4e39010d78d1670b15cb24ef5a6b0869f295ebad
947,0b346e3b9a1c,ea2e9e4c1a25537f,25ab2b040466cf75e9bb3c8fafd72b2b1e59724ae594b5ae2a0e69b408a14b09
948,e295ee7647ad,23e677812e55d69f,9317516cf96f79f2d71c0d090d194f93fe7fd80866e152b81b7ab285efc8d288
949,2495a6f06bc0,d8eca244a814a8b6,2b33be57e2426f14c2a057c18f37ccc1b29c4d05a3bd784920ecaa5358c3e81f
950,e06c90cc296b,e760b4821113c1ad,5336c743a42eeb995da0cf83289c11088258016ee1372e2d1d9f19051efe94c4
951,6f52ff8c87c0,e2cbb112a998f5eb,6f1c5312625abaff4f55c07969eb27924a6a4175ae773ff79f108f50b7e8ea73
952,4f830d08ae5f,a371a003c888a8e1,b1a0928c9831ef6bcedde3f04c73139eb5a76764053a292928260a5810cd3ef8
953,ae9e42030011,27f3eeb463301c14,64456711db193aad1f56b4388ca64305b71c2b8bf35209dd1d23a26f7f1e8278
954,ae812bd8527a,30baa56b0848a60b,2555fcc4025395e2c6475ef5c95f9df6825cbe90eecace374fc99f5fd99508c2
955,4ba28a17d2aa,64ab7ef18f0bcf9c,0fcb76f0ec17e496bdfeb2f694ad69be4954d50e570a06cdca1a7cf3850eaaa4
956,6f7d3b5728ed,b76302a6e0c315d9,04fdb68d7e3ccdb447d2a27bb661aba44fd2ce09c4aefab871e6d316c2b2c214
957,44d983fe67e4,a1da4da96d24d278,08430a2338cf2bf9fad855fd84ed0009c622ab4491da00b22de5cb3ab86c332e
958,a6a8e3078ce6,1ab9481a25f79879,d33e3318c69d5d3b05a0e40e5130a239c8ffa9b82f0a0d3f26e68470e8ef62de
959,234714ac93e2,cbf76568ee7a9ca8,70de273602a8cc68d89b9ab7a35b2a402ac734de07c114fe3eedc65bfdf7dec7
960,fc2cc140e85b,7e19d0f59e401262,e2fb3bcddabfd6c09abc9fe0b37c15d9649a836265e6b09393bb2d95517598db
961,109dcb4509ba,95ecc92580976e7b,6ae955ddfb68b0f990e89a35faf3d667491b43339129fc9ee833952a41d46224
962,9c570807429d,4e12d8a8cc7b8909,7a82a95fed5f88e18e1f065a66d5993526b43c72465d5b480e121904c8577814
963,27564e3a52b8,df7495b6b750c418,b4bf6e06a8767d51c558843ade070cd12e4c695d30ce1e6090a542325332ed2c
964,10980cb61a8a,936d690e064626f2,0e6e4a9b3217da74fc4b759e2107babbd91a3a4da4c28fe3e7778792cb158385
965,17f511e27d22,7ff197937ee4b243,1bf3e12b1152d505be484ed9e6f62f21942c360b168fb98aa3b715edd5f5803d
966,a028dcef5688,0892922eb5cdd3d2,17983533088b9ad5cb31099b29e06573bb2c250c822281bf224f2f7d0317f9ff
967,cd7c6f083694,ac5572a43610770b,2e765724303e1c663d9180fdb40135ca597b89e28ded979d37c9b21347076f6d
968,e016d331cc4f,509e729c3850ea5f,7558394cb5784965bff593274ff06815e8e52ebbbfd75e69480285f1588337d2
969,d4323a2facab,d80b89fd0f10db9d,502c5dc9027c28382499f668b85d84ae74ab9618b4f831c37532b734d06db2a2
970,a355585085af,44cb31219ddd67c3,c290592212e88888d1e1e636875ae222eb234ceabc835441832774d89a04da38
971,e75da49ab7d4,75787d0b47b5dfd9,0830e8ff7bfca9e2b2dd68102d59d72797ff276ffdb76854fc23f329761dfbc0
972,b0f2fddd6bfd,9cc2999b53fb7a86,166f322ce5f7d9d5c1e88fd25fddd1f27b6749a3dfe9832900c5208c00afa709
973,c66e1ebf17ed,6caf87ce0e2e611a,40504e8a93e335e1094d422e560f5dd0d9a81392b2883aa43419f8de3ef3d11b
974,7833ee3ed5f6,e8ed89f4de548a7c,30d6d45cfc11f86f5d2d283c3e85ac31293621773ad7356feea9fc6cd3bbe4be
975,8c26537b2f80,2e03130230d81d6f,007828c4dd945a2bfb6d9a36eb60df0c020d5cb9aa62ffc58e19f608c9b73ff1
976,e3b0c6f6ed13,6bc35a3d16e0bf00,e3cf65e0502591d0667b6236738e1d63b93110576ad0241585ece9f12a620a3c
977,a7c230e30493,d0d19ae8e96818b6,c192c6c83d0bec454191156f3fed5bfbe747842a4b8a0bfd338e333438a03165
978,fa3ef23e5290,234ec78e9e7c682e,754fa5793029013283df8b646d6a8d819690fb9cfe941638a2ea4e7a2370cf2d
979,b5f3f0b609e8,134d5702863279ef,91b7b4c36779929590a28fc87055a151c9b476d427bae1a4c10e1badaa2809de
980,b2772f949fe7,558c8baf68203720,52d91afd2c5a49a374b356c5ff4cd9198453eac5ec4a41f5dd257af25c6aeab5
981,f1a2ceaefdcd,5938f5f554b910bc,12ca19193899f9b1076650af726e0b2930f71abd7b9bad748921ec94aa98c360
982,46cada0c1efa,581c5a2de33db4f0,9454aea317eaad560fd98093f2fa50d4cb6d068b30cad41dc3254870d0152a91
983,bbfb38217be8,21d310a70e7bd2c3,e857d9c0cd5339d19b85028a7582df66130b3a5b6dcda32325dcfbfa64cd2b0e
984,260174dedde2,1602ee67de7e142f,d3cb69ca65572530af6a810bce477a58ca1e10d1c68e2facf0a3cb1090e73f04
985,1ac3e3bbc107,4e2081da0dd02bee,812e6caa4dcb1e221c3ef0131282a9f1b399c36a29050609de55805a029db21d
986,965fe541d8af,dfaf5918438efdeb,f547626047415816cb1cb14b8fe1676e326b4b232270bd79d158538fece96f83
987,b5a46c24fe0b,f392c16ba4f20392,7b8afab83391ae44fcb0b3065198dcaffe7f423dda4be8601502222daf2c9471
988,77d194bc734d,2e76c0f9ac22586b,b0d3d56767e5345ebc5bea51d1ba55d288d5054c1430e2fcfb9abe11a0f4b8d3
989,a554495dbac6,e8978992ba664406,9b8c1b9f5a7d6d67a16e3395a5a1bc62b7bea4463160fe34a8733f1868df3f77
990,d59cbd27e415,41ded44057c894ef,df02dc78ebe9a6b4d9ad20f1433ed91737d51a01891d508372b01752e31cea7a
991,856bfd3de3ea,74bdec0e13b8396c,814348b90677b25beb5edc498737d8b3a0633edada784c54edd3b3e31847fa02
992,4c4975b01324,d89360ab4d326a11,9c4fc80a8617f6b3ca64084a482f09b77c29f250c49bbfa2c897af7296669205
993,fb21e6911b93,4141a4651a2aeda1,7a344e00fcfa709f40e30d359e2ec8f612135e8e5a84870ab97d0fa123e19c6a
994,993f05ad3431,02ca23cf5c794535,3892a6afb679ffbb3b277813f9b780226b25c56292186c61f42a48497aeeb36f
995,45f75f67cf46,2a7f529647befd44,e50cbc755997229c0a14252dc1bbc03470d6fa77ef9f8f28725c0cd9f47f4105
996,94323f74ec04,0f4fe69cd596d8b1,befe89be00f78a7e6d8cc4d288cceec8606ca97ccee318d76977ef8cd03d45c0
997,730068b17665,33796b40a94671c8,e83e86c7976140e4553669177e39588b3ccee4e158c78d34bf4a50e8467fd908
998,67b92db9d319,a3a8ce5aa73c833f,95bf2ca045a988bf7b4c5981c681376f3ebc0aa54357e3956a1478e0975a2426
999,cf3ab3b06bab,6ed7123e9e241043,639531f2065ac728f7736e254b0cd23185f0d72a6382af7660ec92439b3d9122
1000,c62fe72f2102,1d5c260d42cd3295,5ef6f742616539aa793894783045b2ee841e4f7a4212aa156ff51317b5e66898
